,Rank,NCTId,Condition,BriefTitle,InterventionName
0,1,NCT01499459,Liver Cirrhosis,Autologous Mesenchymal Stem Cell Transplantation in Liver Cirrhosis,autologous mesenchymal stem cell transplantation
1,2,NCT02249676,Devic's Syndrome|Devic's Neuromyelitis Optica|Devic Syndrome|Devic's Disease|Devic Disease,Autologous Mesenchymal Stem Cells for the Treatment of Neuromyelitis Optica Spectrum Disorders,Autologous mesenchymal stem cells
2,3,NCT02165904,Spinal Cord Injury,Subarachnoid Administrations of Adults Autologous Mesenchymal Stromal Cells in SCI,Adult Autologous Mesenchymal Bone Marrow Cell
3,4,NCT01056471,"Autoimmune Diseases|Immune System Diseases|Demyelinating Diseases|Nervous System Diseases|Demyelinating Autoimmune Diseases, CNS|Autoimmune Diseases of the Nervous System",Autologous Mesenchymal Stem Cells From Adipose Tissue in Patients With Secondary Progressive Multiple Sclerosis,Autologous mesenchymal stem cells from adipose tissue.|Autologous mesenchymal stem cells from adipose tissue.
4,5,NCT01157650,Crohn Disease,Treatment of Fistulous Crohn's Disease by Implant of Autologous Mesenchymal Stem Cells Derived From Adipose Tissue,Autologous mesenchymal stem cells
5,6,NCT02574572,Spinal Cord Injury,Autologous Mesenchymal Stem Cells Transplantation in Cervical Chronic and Complete Spinal Cord Injury,Autologous mesenchymal cells transplantation
6,7,NCT02824393,Urticaria|Autoimmune Diseases|Immune System Diseases|Skin Diseases,Experimental Autologous Mesenchymal Stem Cell Therapy in Treatment of Chronic Autoimmune Urticaria,Autologous mesenchymal stem cell
7,8,NCT01694927,Spinal Cord Injury,Autologous Mesenchymal Stem Cells in Spinal Cord Injury (SCI) Patients,Autologous Mesenchymal Stem Cells
8,9,NCT00813969,Relapsing-Remitting Multiple Sclerosis|Secondary Progressive Multiple Sclerosis|Progressive Relapsing Multiple Sclerosis,Autologous Mesenchymal Stem Cell (MSC) Transplantation in MS,Autologous mesenchymal stem cell transplantation
9,10,NCT01228266,Multiple Sclerosis,Mesenchymal Stem Cell Transplantation in MS,autologous mesenchymal stem cells
10,11,NCT00911365,Multiple System Atrophy,Trial of Autologous Mesenchymal Stem Cells in Patients With Multiple System Atrophy,autologous mesenchymal stem cells|normal saline
11,12,NCT01609283,Amyotrophic Lateral Sclerosis,A Dose-escalation Safety Trial for Intrathecal Autologous Mesenchymal Stem Cell Therapy in Amyotrophic Lateral Sclerosis,autologous mesenchymal stem cells
12,13,NCT05167721,Multiple System Atrophy,Randomized Double-Blind Placebo-Controlled Adaptive Design Trial Of Intrathecally Administered Autologous Mesenchymal Stem Cells In Multiple System Atrophy,Autologous Mesenchymal Stem Cells|Placebo
13,14,NCT01730547,Multiple Sclerosis,Mesenchymal Stem Cells for Multiple Sclerosis,Autologous mesenchymal stem cells
14,15,NCT02574585,Spinal Cord Injury,Autologous Mesenchymal Stem Cells Transplantation in Thoracolumbar Chronic and Complete Spinal Cord Injury Spinal Cord Injury,Autologous mesenchymal cells transplantation
15,16,NCT01758055,Emphysema,Safety Study of Endobronchial Transplantation of Autologous Mesenchymal Stem Cells (MSCs) in Emphysema Patients,Autologous MSCs transplantation
16,17,NCT01854957,Multiple Sclerosis,MEsenchymal StEm Cells for Multiple Sclerosis,Autologous Mesenchymal Stem Cells
17,18,NCT02497443,Epilepsy,Safety of Autologous MSC Infusion to Treat Epilepsy,Autologous mesenchymal stem cells
18,19,NCT02292628,Faecal Incontinence,"Study, Double Blind, Randomized, Comparing Two Groups to Evaluate the Safety and Efficacy of Autologous Mesenchymal Stem Cells From Adipose Tissue (CMMAd) in the Treatment of the Faecal Incontinence",Infusion of mesenchymal stem cells from adipose tissue|Infusion of placebo
19,20,NCT02755922,Mandibular Fractures,Bone Regeneration With Mesenchymal Stem Cells,Application of autologous mesenchymal stem cells
20,21,NCT05086939,Knee Osteoarthritis,Multicenter Clinical Trial Comparing Treatment With Allogeneic Mesenchymal Cells Versus Autologous Mesenchymal Cells and Versus Active Control With Hyaluronic Acid in Patients With Knee Osteoarthritis.,Autologous MSCs|Allogenic MSCs|Hyaluronic Acid
21,22,NCT02945462,Erectile Dysfunction,Bone Marrow Mesenchymal Stem Cells in Erectile Dysfunction (ED),autologous mesenchymal stem cells
22,23,NCT03014219,Perianal Fistula,Phase 1 Crohn's Pediatric Sub-study of MSC AFP,Only 1 arm: treatment with MSC-AFP
23,24,NCT02166021,Multiple Sclerosis (MS),Clinical Efficacy of Autologous Mesenchymal Bone Marrow Stem Cells in Active & Progressive Multiple Sclerosis,Mesenchymal stem cells
24,25,NCT02440074,Degenerative Disc Disease,Lumbar Degenerative Disc Disease Treatment With Bone Marrow Autologous Mesenchymal Stem Cells (MSV),Autologous bone marrow mesenchymal stem cells
25,26,NCT00875654,Ischemia|Stroke,Intravenous Stem Cells After Ischemic Stroke,Autologous mesenchymal stem cells
26,27,NCT01840540,Atherosclerotic Renal Artery Stenosis|Ischemic Nephropathy|Renovascular Hypertension,MSC for Occlusive Disease of the Kidney,Arterial infusion of autologous mesenchymal stem cells
27,28,NCT04290182,Hoarseness|Dysphonia|Aphonia|Vocal Fold; Scar,A Study of Local Administration of Autologous Mesenchymal Stromal Cells in Dysphonic Patients With Vocal Fold Scarring,MSC-KI-PL-204
28,29,NCT03799718,"Multiple Sclerosis, Chronic Progressive",Safety and Efficacy of Repeated Administration of NurOwn (MSC-NTF Cells) in Participants With Progressive MS,NurOwn (MSC-NTF cells)
29,30,NCT03778333,Autologous Mesenchymal Stem Cells|Multiple Sclerosis,Mesenchymal Stem Cells for Progressive Multiple Sclerosis_Sweden,Autologous mesenchymal stem cells
30,31,NCT02949414,Tracheomalacia|Tracheal Stenosis,"A Study to Assess the Safety, Tolerability and Potential Efficacy of a Tracheal Replacement Consisting of a Tissue-engineered Tracheal Scaffold With Seeded Mesenchymal Cells",Cadaveric decellularised tracheal scaffold seeded with autologous mesenchymal cells
31,32,NCT02118519,"Articular Cartilage Disorder of Knee|Osteoarthritis, Knee",Mesenchymal Stem Cells in Knee Cartilage Injuries,Autologous Mesenchymal Stem Cells
32,33,NCT02062931,Premature Ovarian Failure,Autologous Mesenchymal Stem Cells Transplantation In Women With Premature Ovarian Failure,Stem Cell Preparation and Injection
33,34,NCT02495766,Relapsing-Remitting Multiple Sclerosis|Secondary Progressive Multiple Sclerosis,Autologous Mesenchymal Stromal Cells for Multiple Sclerosis,XCEL-MC-ALPHA|Placebo
34,35,NCT01854125,Immune Function in Blood|Liver Function in Blood|Variation of Ascites|Characters of Quality of Life|Child-Pugh Score,Autologous Mesenchymal Stem Cell Transplantation in Cirrhosis Patients With Refractory Ascites,autologous bone marrow mesenchymal stem cells transplantation|autologous bone marrow msenchymal stem cells transplantation
35,36,NCT05095532,Chronic Pancreatitis|Mesenchymal Stem Cells,Autologous Mesenchymal Stromal Cells and Islet Co-transplantation in TP-IAT,Bone marrow-derived mesenchymal stem cells|Placebo
36,37,NCT02987413,Motor Neuron Disease,Escalated Application of Mesenchymal Stem Cells in Amyotrophic Lateral Sclerosis Patients,Autologous Mesenchymal stem cells (MSCs)
37,38,NCT01676441,Spinal Cord Injury,Safety and Efficacy of Autologous Mesenchymal Stem Cells in Chronic Spinal Cord Injury,cellgram-spine
38,39,NCT01461720,Middle Cerebral Artery Infarction,Intravenous Autologous Mesenchymal Stem Cells Transplantation to Treat Middle Cerebral Artery Infarct,Standard medical care|Autologous bone marrow-derived mesenchymal stem cells
39,40,NCT02570932,Spinal Cord Injury,Administration of Expanded Autologous Adult Bone Marrow Mesenchymal Cells in Established Chronic Spinal Cord Injuries,Autologous Mesenchymal Bone Marrow Cell
40,41,NCT04064879,"Chronic Migraine, Headache",The Use of Autologous Mesenchymal Stem Cell Preparation for Treatment of Refractory Migraine,AD-SVF
41,42,NCT01399749,Articular Cartilage Lesion of the Femoral Condyle,Autologous Mesenchymal Stem Cells vs. Chondrocytes for the Repair of Chondral Knee Defects,Implantation of autologous cells
42,43,NCT03827096,Degenerative Disc Disease,Utilization of Autologous Mesenchymal Cells in Posterolateral Spinal Fusion in Degenerative Spine Disease,Suspension of human autologous MSC 3P in 1.5 ml
43,44,NCT01720888,Ischemic Dilated Cardiomyopathy,Intracoronary Autologous Mesenchymal Stem Cells Implantation in Patients With Ischemic Dilated Cardiomyopathy,BM-MSCs
44,45,NCT02230514,Atrophic Nonunion of Fracture,Mesenchymal Stromal Cells for the Treatment of Non-union Fractures of Long Bones,XCEL-MT-OSTEO-ALPHA|autologous iliac crest|Surgery
45,46,NCT00476060,Cirrhosis,Mesenchymal Stem Cell Transplantation in Decompensated Cirrhosis,Autologous mesenchymal stem cell transplantation
46,47,NCT01436058,Osteoarthritis,Side Effects of Autologous Mesenchymal Stem Cell Transplantation in Ankle Joint Osteoartritis,mesenchymal stem cell
47,48,NCT01142856,Amyotrophic Lateral Sclerosis,Mesenchymal Stem Cells for Treatment of Amyotrophic Lateral Sclerosis (ALS),autologous mesenchymal stem cells
48,49,NCT02981576,Spinal Cord Injuries,Safety and Effectiveness of BM-MSC vs AT-MSC in the Treatment of SCI Patients.,Autologous Mesenchymal Stem Cells
49,50,NCT03361631,"Erectile Dysfunction|Stem Cells|Diabetes Mellitus, Type 1",Intracavernous Injection of Autologous Mesenchymal Stem Cells in the Treatment of Erectile Dysfunction Resistant to Oral Treatment in Patients With Type I Diabetes,Autologous Bone Marrow derived Mesenchymal Stem Cells
50,51,NCT01777646,Amyotrophic Lateral Sclerosis,"Autologous Mesenchymal Bone Marrow Stromal Cells Secreting Neurotrophic Factors (MSC-NTF), in Patients With Amyotrophic Lateral Sclerosis (ALS)","MSC_NTF cells transplantation by multiple intramuscular injections at 24 separate sites, in addition to a single intrathechal injection into the CSF"
51,52,NCT04351932,Osteo Arthritis Knee,Bone Marrow Versus Adipose Autologous Mesenchymal Stem Cells for the Treatment of Knee Osteoarthritis,bone marrow mesenchymal stem cells|Adipose Mesenchymal stem cells|bone marrow & adipose mesenchymal stem cells injection
52,53,NCT03007576,"Osteoarthritis,Knee",Treatment of Knee Osteoarthritis With Autologous Mesenchymal Stromal Cell Product (RegStem),RegStem
53,54,NCT04312113,Ulcerative Colitis,Angiographic Delivery of AD-MSC for Ulcerative Colitis,"Adipose derived, autologous mesenchymal stem cells"
54,55,NCT01513694,Intervertebral Disc Disease,Clinical Trial Based on the Use of Mesenchymal Stem Cells From Autologous Bone Marrow in Patients With Lumbar Intervertebral Degenerative Disc Disease,Instrumented posterolateral arthrodesis
55,56,NCT02045745,Postoperative Air Leaks in Risk Patients,"Clinical Trial Phase I/II Prospective, Open Nonrandomized for Treatmen of Postoperative Air Leak After Lung Resection in High Risk Patients Through the Administration of Mesenchymal Autologous Cells","Implantation of autologous mesenchymal stem cells (CSM) expanded ""in vitro"" and administered directly into the lung suture line"
56,57,NCT01716481,"Stroke, Ischemic",The STem Cell Application Researches and Trials In NeuroloGy-2 (STARTING-2) Study,Mesenchymal stem cell
57,58,NCT01895439,Multiple Sclerosis,Safety and Efficacy Study of Autologus Bone Marrow Mesenchymal Stem Cells in Multiple Sclerosis,Autologous Mesenchymal Stem Cells
58,59,NCT04228666,Alzheimer Disease,A Clinical Trial to Determine the Safety and Efficacy of Hope Biosciences Autologous Mesenchymal Stem Cell Therapy (HB-adMSCs) for the Treatment of Alzheimer's Disease,HB-adMSCs
59,60,NCT01700920,Osteonecrosis of the Femoral Head,"PHASE II CLINICAL TRIAL Prospective, Open, Nonrandomized Treatment of Osteonecrosis of the Femoral Head by the Administration of Autologous Mesenchymal Stem Cells",bone marrow aspirate
60,61,NCT01741090,Alcoholic Liver Cirrhosis,The Effectiveness and Safety for Mesenchymal Stem Cell for Alcoholic Liver Cirrhosis,mesenchymal stem cell injection
61,62,NCT01429012,Nonunion Fracture,Treatment of Atrophic Nonunion Fractures by Autologous Mesenchymal Stem Cell Percutaneous Grafting,Mesenchymal Stem Cells|Culture medium without MSC.
62,63,NCT02751125,Bone Atrophy,Reconstruction of Jaw Bone Using Mesenchymal Stem Cells,BCP with autologous mesenchymal stem cells (MSC).
63,64,NCT04432467,Chronic Endometritis|Uterus; Scar|Uterine Synechiae|Fallopian Tube Obstruction,Fertility Restoration Using Autologous Mesenchymal Stem Cells,Autologous mesenchymal stem cells|standard treatment
64,65,NCT04210440,Hip Necrosis|Hip Injuries,The Treatment of Initial Stage of Hip Osteonecrosis: the Core Decompression,Core decompression procedure
65,66,NCT04063215,Traumatic Brain Injury,A Clinical Trial to Determine the Safety and Efficacy of Hope Biosciences Autologous Mesenchymal Stem Cell Therapy for the Treatment of Traumatic Brain Injury and Hypoxic-Ischemic Encephalopathy,HB-adMSCs
66,67,NCT00781872,Multiple Sclerosis,Mesenchymal Stem Cells for the Treatment of MS,Injection of autologous bone marrow derived mesenchymal stem cells
67,68,NCT02807389,Surgical Leak Fistula,Stem Cell Fistula Plug in Post Surgical Leak Fistulas,MSC Fistula Plug
68,69,NCT02589119,Perianal Fistula|Cryptoglandular Perianal Fistula,Stem Cell Fistula Plug in Cryptoglandular Perianal Fistulas (MSC-AFP),MSC-AFP
69,70,NCT03220243,Fistula Vagina|Crohn Disease,Stem Cell Coated Fistula Plug in Patients With Crohn's RVF,MSC-AFP
70,71,NCT04297813,Alveolar Bone Atrophy,Efficacy in Alveolar Bone Regeneration With Autologous MSCs and Biomaterial in Comparison to Autologous Bone Grafting,Advanced medicinal Therapy (MSC combined with biomaterial)|Autologous bone graft
71,72,NCT01915927,Perianal Crohn's Disease,Stem Cell Fistula Plug in Perianal Crohn's Disease,MSC-AFP
72,73,NCT01919827,Idiopathic Pulmonary Fibrosis,Study of Autologous Mesenchymal Stem Cells to Treat Idiopathic Pulmonary Fibrosis,Endobronchial infusion of adult mesenchymal stem cells|Autologous mesenchymal stem cells derived from bone marrow
73,74,NCT04326985,"Osteoarthritis, Knee",RCT Mesenchymal Stem Cells Versus Hyaluronic Acid in OA Knee):,Autologous Mesenchymal Stem Cells Treatment (MSCs)|Hyaluronic acid (HA)
74,75,NCT02057211,Type 1 Diabetes Mellitus,Mesenchymal Stem Cells to Intervene in the Development of Type 1 Diabetes: a Blinded Randomized Study,autologous mesenchymal stem cell transplantation|sham transplantation of mesenchymal stem cells
75,76,NCT02482194,Spinal Cord Injury,Autologous Mesenchymal Stem Cells Transplantation for Spinal Cord Injury- A Phase I Clinical Study,mesenchymal stem cells
76,77,NCT03838666,Rotator Cuff Tear,Utilization of AMSC to Enhance Rotator Cuff Repair - Safety and Efficacy,Suspension of human autologous MSC 3P
77,78,NCT01659762,Crohn's Disease,A Phase I Study Evaluating Autologous Bone Marrow Derived Mesenchymal Stromal for Crohn's Disease.,autologous mesenchymal stromal cell
78,79,NCT04146519,Transplantation:Mesenchymal Stem Cell Transplantation,Parkinson's Disease Therapy Using Cell Technology,Autologous mesenchymal stem cells|Placebo
79,80,NCT04594850,Erectile Dysfunction,Clinical Trial to Evaluate Efficacy and Safety of of Autologous Mesenchymal Stem Cells (MSC) Injected Intracavernously,Cellgram-ED
80,81,NCT02064062,"Achilles Tendinitis, Right Leg|Achilles Tendinitis|Achilles Degeneration|Achilles Tendon Thickening|Tendinopathy|Achilles Tendinitis, Left Leg",Autologous Stem Cells in Achilles Tendinopathy,Autologous Mesenchymal Stem Cells
81,82,NCT02460770,Chronic Myocardial Ischemia,Bone Marrow-derived Mesenchymal Stem Cells (MSC) Administration in Weaning From Left Ventricular Assist Device,Autologous mesenchymal stem cells
82,83,NCT02065167,Avascular Necrosis of the Femoral Head,Evaluation of Mesenchymal Stem Cells to Treat Avascular Necrosis of the Hip,Cultured autologous Mesenchymal Cells
83,84,NCT01933802,Multiple Sclerosis,Intrathecal Administration of Autologous Mesenchymal Stem Cell-derived Neural Progenitors (MSC-NP) in Patients With Multiple Sclerosis,intrathecal administration of autologous MSC-NP
84,85,NCT03333681,Rheumatoid Arthritis,Evaluation of Stem Cell Therapy Effects on the Immune Response in Rheumatoid Arthritis Patients,Autologous mesenchymal stem cells
85,86,NCT02917681,AMYOTROPHIC LATERAL SCLEROSIS,Study of Two Intrathecal Doses of Autologous Mesenchymal Stem Cells for Amyotrophic Lateral Sclerosis,Two intrathecal MSC injections
86,87,NCT03355365,Multiple Sclerosis,Intrathecal Administration of Autologous Mesenchymal Stem Cell-derived Neural Progenitors (MSC-NP) in Progressive Multiple Sclerosis,Intrathecal MSC-NP injection|Intrathecal saline injection
87,88,NCT04078308,"Diabetes Mellitus|Diabetes Mellitus, Type 1|Diabetes Mellitus, Insulin-Dependent",Mesenchymal Stem Cells Transplantation in Newly Diagnosed Type-1 Diabetes Patients,Intravenous Injection of autologous mesenchymal stem cells|Intravenous injection of placebo
88,89,NCT02384018,Chronic Pancreatitis|Diabetes,Mesenchymal Stem Cell and Islet Co-transplantation,autologous mesenchymal stromal cell
89,90,NCT02239393,Multiple Sclerosis,Safety and Efficacy of Intravenous Autologous Mesenchymal Stem Cells for MS: a Phase 2 Proof of Concept Study,Mesenchymal Stem Cells
90,91,NCT03449069,Fistula in Ano|Crohn Disease,Pediatric MSC-AFP Sub-study for Crohn's Fistula,MSC-AFP
91,92,NCT05279157,Ophthalmological Disorder|Corneal Dystrophy|Treatment|Therapy|Keratoconus,Autologous Adipose-Derived Adult Stem Cell Implantation for Corneal Diseases (ADASCs-CT-CD),Implantation|Lipoaspiration
92,93,NCT02035514,Relapsing Remitting Multiple Sclerosis (RRMS),Phase I-II Clinical Trial With Autologous Bone Marrow Derived Mesenchymal Stem Cells for the Therapy of Multiple Sclerosis,Bone marrow autologous mesenchymal stem cells transplantation
93,94,NCT02315027,MSA,Mesenchymal Stem Cell Therapy in Multiple System Atrophy,Autologous Mesenchymal Stem Cells|Autologous Mesenchymal Stem Cells|Autologous Mesenchymal Stem Cells|Autologous Mesenchymal Stem Cells|Autologous Mesenchymal Stem Cells
94,95,NCT01068951,Type 1 Diabetes,Treatment of Patients With Newly Onset of Type 1 Diabetes With Mesenchymal Stem Cells,Mesenchymal stem cells
95,96,NCT03209700,Perianal Fistula|Cryptoglandular Perianal Fistula|Crohn's Perianal Fistula,Re-treatment From a Phase I Study of MSC-AFP in Patients With Perianal Fistulas,MSC-AFP
96,97,NCT01844661,Children|Solid Tumors|Metastases,Safety and Efficacy of Repeated Infusion of CELYVIR in Children and Adults With Metastatic and Refractory Tumors.,CELYVIR
97,98,NCT02166489,Chronic Renal Failure|Polycystic Kidney Disease,Mesenchymal Stem Cells Transplantation in Patients With Chronic Renal Failure Due to Polycystic Kidney Disease,Intravenous injection autologous mesenchymal stem cells
98,99,NCT00976430,Parkinson's Disease,Autologous Mesenchymal Stem Cell Transplant for Parkinson's Disease,Autologous Bone marrow derived stem cells transplant
99,100,NCT00644410,Congestive Heart Failure,Autologous Mesenchymal Stromal Cell Therapy in Heart Failure,Mesenchymal stromal cell|Saline
100,101,NCT01183728,"Osteoarthritis, Knee|Knee Degenerative Disease|Knee Osteoarthritis",Treatment of Knee Osteoarthritis With Autologous Mesenchymal Stem Cells,Autologous bone marrow mesenchymal stem cells (MSV)
101,102,NCT00955669,Autologous Transplantation|Diabetic Foot,Comparison of Autologous Mesenchymal Stem Cells and Mononuclear Cells on Diabetic Critical Limb Ischemia and Foot Ulcer,Symptoms and Objective Examination
102,103,NCT00658073,Renal Transplant Rejection,Induction Therapy With Autologous Mesenchymal Stem Cells for Kidney Allografts,Kidney transplantation with MSCs infusion|kidney transplantation without MSC infusion
103,104,NCT03477942,Musculoskeletal Pain|Knee Osteoarthritis|Cartilage Injury|Cartilage Degeneration,Impact of Mesenchymal Stem Cells in Knee Osteoarthritis,Autologous Mesenchymal Stem Cells
104,105,NCT02034786,Lipodystrophies|Aesthetics Procedure,Safety Study of Filler Agent Composed of Autologous Mesenchymal Stem Cells and Hyaluronic Acid,Adipose tissue collection|Transdermal injection|Transdermal injection
105,106,NCT00250302,Tibial Fracture,Autologous Implantation of Mesenchymal Stem Cells for the Treatment of Distal Tibial Fractures,autologous mesenchymal stem cells implantation
106,107,NCT01454336,Liver Fibrosis,Transplantation of Autologous Mesenchymal Stem Cell in Decompensate Cirrhotic Patients With Pioglitazone,Cell injection
107,108,NCT01377870,Multiple Sclerosis,Evaluation of Autologous Mesenchymal Stem Cell Transplantation (Effects and Side Effects) in Multiple Sclerosis,intravenous injection of mesenchymal stem cells|injection of cell free media
108,109,NCT02152657,Spinal Cord Injury,Evaluation of Autologous Mesenchymal Stem Cell Transplantation in Chronic Spinal Cord Injury: a Pilot Study,Mesenchymal stem cell transplantation
109,110,NCT03969680,Knee Osteoarthritis,Mesenchymal Stem Cell Transplantation for Osteoarthritis,Auotologous BMSCs plus autologous PRP|Auotologous PRP
110,111,NCT01206179,Nonunion Fractures,Treatment of Non Union of Long Bone Fractures by Autologous Mesenchymal Stem Cell,cell injection
111,112,NCT02012153,Kidney Transplant Rejection,Mesenchymal Stromal Cells in Kidney Transplant Recipients,Mesenchymal Stromal Cells
112,113,NCT02359929,Graft Versus Host Disease|Acute Graft Versus Host Disease|Chronic Graft Versus Host Disease,BMT Autologous MSCs for GvHD,Autologous mesenchymal stromal cells (MSCs)
113,114,NCT03822858,Multiple Sclerosis,Expanded Access to Intrathecal Administration of Autologous Mesenchymal Stem Cell-derived Neural Progenitors (MSC-NP) in Progressive Multiple Sclerosis,Intrathecal MSC-NP injection
114,115,NCT04349631,COVID-19,A Clinical Trial to Determine the Safety and Efficacy of Hope Biosciences Autologous Mesenchymal Stem Cell Therapy (HB-adMSCs) to Provide Protection Against COVID-19,HB-adMSCs
115,116,NCT02351011,Osteoarthritis of Knee,Human Autologous MSCs for the Treatment of Mid to Late Stage Knee OA,1 x 10^6 MSCs|10 x 10^6 MSCs|50 x 10^6 MSCs
116,117,NCT00420134,Liver Failure|Cirrhosis,Improvement of Liver Function in Liver Cirrhosis Patients After Autologous Mesenchymal Stem Cell Injection:a Phase I-II Clinical Trial,injection of progenitor of hepatocyte drived from Mesenchymal stem cell
117,118,NCT01459640,Osteoarthritis,Intra-Articular Autologous Bone Marrow Mesenchymal Stem Cells Transplantation to Treat Mild to Moderate Osteoarthritis,Hyaluronic Acid|Autologous bone marrow-derived mesenchymal stem cells
118,119,NCT04243681,"Cirrhosis, Liver",Combination of Autologous MSC and HSC Infusion in Patients With Decompensated Cirrhosis,CD 34 and MSC infusion|Standard of care for Cirrhosis management
119,120,NCT03840343,"Diabetic Kidney Disease|Diabetic Nephropathies|Diabetes Mellitus, Type 2|Diabetes Mellitus, Type 1|Chronic Kidney Disease|Diabetic Nephropathy Type 2|Kidney Failure|Kidney Insufficiency",Patient-Derived Stem Cell Therapy for Diabetic Kidney Disease,Autologous adipose-derived mesenchymal stem/stromal cells (MSC) Lower Dose|Autologous adipose-derived mesenchymal stem/stromal cells (MSC) Higher Dose
120,121,NCT05080465,Liver Cirrhosis,Long Term Follow up Mesenchymal Stem Cell Therapy for Patients Virus-related Liver Cirrhosis,Autologous BM MSC
121,122,NCT04759105,Intervertebral Disc Degeneration|Chronic Low-back Pain,Efficacy of Intradiscal Injection of Autologous BM-MSC in Worker Patients Affected by Chronic LBP Due to Multilevel IDD,Autologous BM-MSC|Sham Procedure
122,123,NCT02544802,Osteoarthritis Knee,Mesenchymal Stem Cell Treatment for Primary Osteoarthritis Knee,Adipose-Derived Mesenchymal Stem Cells
123,124,NCT03585855,Interventional,Mesenchymal Stem Cell Transplantation in the Treatment of Chronic Antibody Mediated Kidney Graft Rejection (ABMR),MSC transplantation
124,125,NCT01824121,Progressive Supranuclear Palsy,"Clinical Trial to Evaluate Bone Marrow Stem Cell Therapy for PSP, a Rare Form of Parkinsonism",stem cell therapy
125,126,NCT04821479,Amyotrophic Lateral Sclerosis,Repeated Mesenchymal Stem Cell Injections in ALS,Mesenchymal stem cells (MSC)
126,127,NCT05066334,Intervertebral Disc Degeneration|Chronic Low-back Pain,Efficacy of Intradiscal Injection of Autologous BM-MSC in Subjects With Chronic LBP Due to Multilevel Lumbar IDD,Autologous BM-MSC|Sham
127,128,NCT01552707,"Lumbar Spondylolisthesis Involving L4-L5, and/or|Degenerative Discopathy Involving L4-L5",Safety Study of Mesenchymal Stem Cells and Spinal Fusion,XCEL-MT-OSTEO-ALPHA|Standard treatment
128,129,NCT02033525,Chronic Meniscal Injury,Mesenchymal Stromal Cells for Degenerative Meniscus Injury,XCEL-M-ALPHA and standard rehabilitation|Rehabilitation
129,130,NCT02017912,Amyotrophic Lateral Sclerosis (ALS),"Phase 2, Randomized, Double Blind, Placebo Controlled Multicenter Study of Autologous MSC-NTF Cells in Patients With ALS",Autologous MSC-NTF cells|Placebo
130,131,NCT02287974,Critical Limb Ischemia (CLI),"Clinical Trial I/II Opened, Randomized and Controlled for the Study of the Use of Stem Cells Therapy in Insulinized Diabetic Patients Type 2 With Critical Ischemia in Lower Limbs (CLI): Study of the Needs of Insulin",Stem cell infusion
131,132,NCT04642911,Diabete Type 2|Mesenchymal Stem Cell,Longterm Follow-up of Subjects With Diabetes 2 Type Treatment With ex Vivo Gene Therapy,Long term follow up
132,133,NCT03280056,Amyotrophic Lateral Sclerosis (ALS),Safety and Efficacy of Repeated Administrations of NurOwn® in ALS Patients,NurOwn® (MSC-NTF cells)|Placebo|Bone Marrow aspiration
133,134,NCT02501811,Ischemic Cardiomyopathy,Combination of Mesenchymal and C-kit+ Cardiac Stem Cells as Regenerative Therapy for Heart Failure,Mesenchymal Stem Cells (MSC)|c-kit+ cells|Placebo (Plasmalyte A)
134,135,NCT01981330,Improved Healing of Scarred Vocal Folds|Improved Vocal Fold Status|Improved Vocal Fold Function,Pilot Study of Stem Cell Treatment of Patients With Vocal Fold Scarring,aMSC|aMSC+hyaluronan gel
135,136,NCT01804153,Urinary Incontinence,Stem Cells Tratment for the Local Feminine Stress Urinary Incontinence Treatment (HULPURO),Adipose-derived expanded stem cells
136,137,NCT01392625,Non-ischemic Dilated Cardiomyopathy,PercutaneOus StEm Cell Injection Delivery Effects On Neomyogenesis in Dilated CardioMyopathy (The POSEIDON-DCM Study),Autologous hMSCs|Allogeneic hMSCs
137,138,NCT01087996,Stem Cell Transplantation,The Percutaneous Stem Cell Injection Delivery Effects on Neomyogenesis Pilot Study (The POSEIDON-Pilot Study),Auto-hMSCs|Allo-hMSCs
138,139,NCT03258164,Breast Hypoplasia and Facial Ageing,Cosmetic Fat Transplantation Using Expanded ASC Enriched Fat Grafts,ASC enriched lipofilling|Standard Lipofilling
139,140,NCT04675970,Primary Ovarian Insufficiency|Premature Ovarian Failure,Long Term Follow up Patients With Premature Ovarian Failure ex Vivo Gene Therapy,Observational
140,141,NCT01957826,Primary Idiopathic Dilated Cardiomyopathy,Mesenchymal Stem Cells for Idiopathic Dilated Cardiomyopathy,bone marrow-derived MSCs injection|placebo intervention
141,142,NCT04681118,Amyotrophic Lateral Sclerosis,Expanded Access Protocol: Repeated Administration of Nurown® (Autologous MSC-NTF Cells) for the Treatment of ALS,NurOwn (MSC-NTF cells)
142,143,NCT01803347,Anal Fistula,Clinical Trial to Evaluate the Efficacy and Safety of Stem Cells,◦Drug: ASCs. + fibrin glue|fibrin glue
143,144,NCT01605383,Avascular Necrosis of Femur Head,Mesenchymal Stem Cells in Osteonecrosis of the Femoral Head,XCEL-MT-OSTEO-ALPHA|Standard treatment
144,145,NCT02290886,Amyotrophic Lateral Sclerosis,A Multicenter Phase I/II Clinical Trial to Evaluate Safety of Mesenchymal Stem Cell in Patients With Amyotrophic Sclerosis Lateral,Intravenous administration of placebo|Intravenous administration of 1 million of MSC|Intravenous administration of 2 million of MSC|Intravenous administration of 4 million of MSC
145,146,NCT02477540,Critical Limb Ischemia,A Safety and Efficacy Study of Autologous Bone Marrow Derived Mesenchymal Stem Cells in Critical Limb Ischemia,Cellgram-CLI
146,147,NCT02344849,Erectile Dysfunction,Safety of Autologous Bone Marrow Derived Mesenchymal Stem Cells in Erectile Dysfunction,mesenchymal stem cell
147,148,NCT02472002,Coronary Disease|Heart Transplant,Mesenchymal Stem Cell Administration in the Treatment of Coronary Graft Disease in Heart Transplant Patients,Mesenchymal cell therapy
148,149,NCT04689152,Alcoholic Cirrhosis,Clinical Trial to Evaluate the Efficacy and Safety of Cellgram-LC Administration in Patients With Alcoholic Cirrhosis,Cellgram-LC
149,150,NCT02116634,Amyotrophic Lateral Sclerosis,Mesenchymal Stem Cell Injection in Amyotrophic Lateral Sclerosis,mesenchymal stem cell
150,151,NCT01745783,Multiple Sclerosis,"Mesenchymal Cells From Autologous Bone Marrow, Administered Intravenously in Patients Diagnosed With Multiple Sclerosis",Bone marrow mesenchymal stem cells autologous|Placebo comparator
151,152,NCT02372474,Premature Ovarian Failure,"""It is a Real"" The First Baby Of Autologous Stem Cell Therapy in Premature Ovarian Failure",Stem cell
152,153,NCT02123368,Osteoarthritis,Treatment of Knee Osteoarthritis by Intra-articular Injection of Bone Marrow Mesenchymal Stem Cells,Hyaluronic acid|10 million Bone marrow mesenchimal stem cells|100 million Bone marrow mesenchimal stem cells
153,154,NCT00734396,Organ Transplantation,Mesenchymal Stem Cells and Subclinical Rejection,Mesenchymal stem cell infusion
154,155,NCT01824069,Nonrevascularizable Critical Ischemia of the Lower Limbs,Treatment CLI Nonrevascularizable Lower Limb With Cell Therapy,Intramuscular injection of a suspension of adult mesenchymal stem cells derived
155,156,NCT02365142,Knee Osteoarthritis,Treatment of Osteoarthritis by Intra-articular Injection of Bone Marrow Mesenchymal Stem Cells With Platelet Rich Plasma,100 million Bone marrow mesenchimal stem cells|Platelet Rich plasma (PRGF)
156,157,NCT01603836,"Spondyloarthrosis, Spondylosis",Study Confirms or Refutes the Hypothesis That the Autologous Bone Marrow Concentrate Together With the Allograft is a Better Alternative for the Posterolateral Fusion in Spine Surgery Than the Allograft Alone,bone allogaft with bone marrow concentrate
157,158,NCT03726255,Perianal Fistula,Stem Cell Therapy: a Compassionate Use Program in Perianal Fistula,Mesenchymal Stem Cell injection
158,159,NCT03298399,Sickle Cell Disease,Mesenchymal Stromal Cells for Haplo Hematopoietic Cell Transplantation for Sickle Cell Disease,Autologous MSCs|Autologous MSCs|Autologous MSCs
159,160,NCT01389661,Maxillary Cyst|Bone Loss of Substance,Treatment Of Maxillary Bone Cysts With Autologous Bone Mesenchymal Stem Cells (MSV-H),MSV treatment
160,161,NCT00260338,Myocardial Ischemia|Coronary Heart Disease,Stem Cell Therapy for Vasculogenesis in Patients With Severe Myocardial Ischemia,stem cell
161,162,NCT02888704,Atopic Dermatitis,Safety and Efficacy of ADSTEM Inj. in Patients With Moderately Subacute and Chronic Atopic Dermatitis,ADSTEM Inj. (Adult human mesenchymal stem cells)
162,163,NCT03294759,ACL - Anterior Cruciate Ligament Rupture,Bio ACL Reconstruction Amnion Collagen Matrix Wrap and Stem Cells,Bio ACL|Control
163,164,NCT02932852,Hereditary Corneal Dystrophy|Keratoconus,Autologous Adipose-Derived Adult Stem Cell Transplantation for Corneal Diseases,Lipoaspiration|Transplantation
164,165,NCT01875081,Alcoholic Liver Cirrhosis,REVIVE(Randomized Exploratory Clinical Trial to Evaluate the Safety and Effectiveness of Stem Cell Product in Alcoholic Liver Cirrhosis Patient),Livercellgram
165,166,NCT00885729,Defect of Articular Cartilage,Mesenchymal Stem Cells in a Clinical Trial to Heal Articular Cartilage Defects,stem cells|Chondrocytes|Rehabilitation program
166,167,NCT04823000,Multiple Sclerosis,Effects of Repeated Mesenchymal Stem Cells (MSC) in Patients With Progressive Multiple Sclerosis,Mesenchymal Stem Cells (MSC)
167,168,NCT04230902,Knee Osteoarthritis,Effects of α MAT Versus Steroid Injection in Knee Osteoarthritis (STα MAT-knee Study),Microfragmented Adipose Tissue Transplant|Corticosteroid injection
168,169,NCT04434794,Gingival Recession,Treatment of Gingival Recession Using Mesenchymal Stem Cells,mesenchymal stem cells|standard treatment
169,170,NCT04711811,Chronic Pain,Individual Patient Expanded Access IND of HB-adMSCs for Chronic Musculoskeletal Pain.,HB-adMSC
170,171,NCT01162915,Spinal Cord Injury,Transfer of Bone Marrow Derived Stem Cells for the Treatment of Spinal Cord Injury,Autologous bone marrow-derived mesenchymal stem cells.
171,172,NCT03563495,Cleft Lip and Palate,Tissue Engineered Constructs for Alveolar Cleft Repair,tissue engineered group|autogenous bone graft group
172,173,NCT04446897,"Periodontitis, Chronic",Treatment of Chronic Medium-severe Periodontitis With Mesenchymal Stem Cells Predifferentiated in Osteogenic Direction,mesenchymal stem cells|standard treatment
173,174,NCT01468064,"Stroke|Infarction, Middle Cerebral Artery",Autologous Bone Marrow Stromal Cell and Endothelial Progenitor Cell Transplantation in Ischemic Stroke,Autologous BMSCs transplantation|Autologous EPCs transplantation|IV infusion of placebo
174,175,NCT03478215,Renal Transplantation|Mesenchymal Stem Cells,Mesenchymal Stromal Cells in Living Donor Kidney Transplantation,Mesenchymal Stromal Stem Cells (MSCs) Infusion|Normal Saline (Placebo) Infusion
175,176,NCT04876326,"Multiple System Atrophy|Parkinsonism|Multiple System Atrophy, Parkinson Variant",Potential Use of Autologous and Allogeneic Mesenchymal Stem Cells in Patients With Multiple System Atrophy,Autologous Adipose Mesenchymal Stem Cell Implantation|Allogeneic Umbilical Cord Mesenchymal Stem Cell Implantation|Allogeneic Umbilical Cord Mesenchymal Stem Cell and Adipose Secretome Implantation
176,177,NCT01606215,Multiple Sclerosis,Stem Cells in Rapidly Evolving Active Multiple Sclerosis,Mesenchymal stem cells|Placebo
177,178,NCT01932164,Cleft Lip and Palate,Use of Mesenchymal Stem Cells for Alveolar Bone Tissue Engineering for Cleft Lip and Palate Patients,maxillary alveolar graft by tissue engineering|Bone tissue engineering using mesenchymal stem cells
178,179,NCT01967186,Type 1 Diabetes|End Stage Renal Disease,Intraportal or Intramuscular Site for Islets in Simultaneous Islet and Kidney Transplantation,Intraportal islet transplantation|Intramuscular islet transplantation|Intramuscular transpl with stemcells|Kidney transplantation
179,180,NCT03956719,Knee Osteoarthritis,Treatment of Early Knee Osteoarthritis With Autologous Adipose-derived Mesenchymal Stem Cells,Autologous adipose-derived mesenchymal stem cells|abdominal liposuction
180,181,NCT01157403,Evidence of Liver Transplantation,Autologous Transplantation of Mesenchymal Stem Cells for Treatment of Patients With Onset of Type 1 Diabetes,Autologous transplantation
181,182,NCT01649700,The Sequelae Caused by Severe Brain Injury,Treatment of Sequelae Caused by Severe Brain Injury With Autologous Adipose-derived Mesenchymal Stem Cells,autologous adipose-derived mesenchymal stem cells
182,183,NCT03461458,Degenerative Disc Disease,"Autologous, Culture-Expanded Mesenchymal Stromal Cells for Degenerative Disc Disease",Autologous Adipose-Derived Mesenchymal Stromal Cells
183,184,NCT03979898,Cerebral Palsy,Safety and Effectiveness of Autologous Adipose Tissue Derived Mesenchymal Stem Cell Implantation in Patients With CP,ASTROSTEM
184,185,NCT03343782,Type 2 Diabetes Mellitus,Outcomes of Expanded Autologous Bone Marrow-derived Mesenchymal Stem Cells Therapy in Type II Diabetes,Expanded autologous bone marrow-derived mesenchymal stem cell
185,186,NCT03268603,ALS|Amyotrophic Lateral Sclerosis,Intrathecal Autologous Adipose-derived Mesenchymal Stromal Cells for Amyotrophic Lateral Sclerosis (ALS),Autologous Adipose-derived Mesenchymal Stromal Cells
186,187,NCT01643681,Lumbar Intervertebral Disc Degeneration,Autologous Adipose Tissue Derived Mesenchymal Stem Cells Transplantation in Patient With Lumbar Intervertebral Disc Degeneration,Autologous Adipose Tissue derived MSCs Transplantation
187,188,NCT04446884,Stress Urinary Incontinence,Treatment of Stress Urinary Incontinence in Women With Autologous Adipose-derived Mesenchymal Stem Cells,Autologous adipose-derived mesenchymal stem cells|Standard treatment according to the Clinical protocols
188,189,NCT02338271,Low Back Pain,Autologous Adipose Derived Stem Cell Therapy for Intervertebral Disc Degeneration,autologous adipose derived mesenchymal stem cell
189,190,NCT05018871,Cerebral Palsy,Safety of Cultured Autologous Adult Adipose Derived Mesenchymal Stem Cell Intravenous Infusion for CP,autologous adipose derived mesenchymal stem cells
190,191,NCT05018793,Spinal Cord Injuries,Safety of Cultured Autologous Adult Adipose Derived Mesenchymal Stem Cell Intrathecal Injection for SCI,autologous adipose derived mesenchymal stem cells
191,192,NCT04426643,Urinary Incontinence,Treatment of Urinary Incontinence in Men After Prostatectomy With Autologous Adipose-derived Mesenchymal Stem Cells,Autologous adipose-derived mesenchymal stem cells|Standard treatment according to the Clinical protocols
192,193,NCT01302015,Buerger's Disease,Autologous Adipose Tissue Derived Mesenchymal Stem Cells Transplantation in Patient With Buerger's Disease,RNL-Vascostem®
193,194,NCT00891501,Degenerative Arthritis|Chondral Defects|Osteochondral Defects,The Use of Autologous Bone Marrow Mesenchymal Stem Cells in the Treatment of Articular Cartilage Defects,Bone Marrow Aspiration|Bone marrow mesenchymal stem cell implantation
194,195,NCT01895413,Osteoarthritis,Autologous Bone Marrow Mesenchymal Stem Cells Transplantation for Articular Cartilage Defects Repair,Bone marrow aspiration
195,196,NCT01051882,Amyotrophic Lateral Sclerosis,"Autologous Cultured Mesenchymal Bone Marrow Stromal Cells Secreting Neurotrophic Factors (MSC-NTF), in ALS Patients.",MSC-NTF cells transplantation (IM)|MSC-NTF cells transplantation (IT)
196,197,NCT02805855,"Osteoarthritis, Knee",Autologous Culture Expanded Mesenchymal Stromal Cells for Knee Osteoarthritis,Autologous Adipose-Derived Mesenchymal Stromal Cells
197,198,NCT04520373,Spinal Cord Injuries|Paralysis,Autologous Adipose Derived Mesenchymal Stem Cells for Spinal Cord Injury Patients,"Best Medical Management: Occupational and Physical Therapy|Autologous, Adipose Derived Mesenchymal Stem Cells"
198,199,NCT01643655,Avascular Necrosis of the Femoral Head,Autologous Adipose Tissue Derived Mesenchymal Stem Cells Transplantation in Patient With Avascular Necrosis of the Femoral Head,Autologous Adipose Tissue derived MSCs Transplantation
199,200,NCT01624779,Spinal Cord Injury,Intrathecal Transplantation Of Autologous Adipose Tissue Derived MSC in the Patients With Spinal Cord Injury,autologous adipose tissue derived mesenchymal stem cells
200,201,NCT03955497,Knee Osteoarthritis|Cartilage Degeneration,Effectiveness of Autologous Adipose-derived Stem Cells in the Treatment of Knee Cartilage Injury,Autologous Adipose-derived Mesenchymal Stem Cell Gel|Sodium Hyaluronate|Extraction of abdominal fat
201,202,NCT04352803,Covid-19 Pneumonia|Cyotokine Storm,Adipose Mesenchymal Cells for Abatement of SARS-CoV-2 Respiratory Compromise in COVID-19 Disease,Autologous Adipose MSC's
202,203,NCT04457037,Trophic Ulcer,Treatment of Patients With Trophic Ulcers Using Mesenchymal Stem Cells,Autologous adipose-derived mesenchymal stem cells
203,204,NCT02326935,Multiple Sclerosis,Multi-Center Study Safety of Adipose Derived Mesenchymal Stem Cells for the Treatment of Multiple Sclerosis,Autologous adipose derived mesenchymal cells
204,205,NCT05011474,Patients With Chronic Low Back Pain Due to Degenerative Lumbar Disc,Safety and Efficacy Study of Matrilin-3 Pretreated Autologous Adipose Derived Mesenchymal Stem Cells Implantation in Chronic Low Back Pain Patients With Lumbar Intervertebral Disc Degeneration,administered an autologous adipose-derived mesenchymal stem cell spheroid pretreated with matrillin 3
205,206,NCT02564328,Stroke,Autologous Bone Marrow Mesenchymal Stem Cell Transplantation for Chronic Ischemic Stroke,Intravenous stem cell transplantation
206,207,NCT02646007,Kienböck's Disease,Autologous Bone Marrow Derived Mesenchymal Stromal Cells Transplantation(BM-MSC) for Kienbock's Disease,BM-MSC transplantation
207,208,NCT05329662,Sexual Dysfunction Female,Adipose Tissue-derived Mesenchymal Stem Cell (AD-MSC) Therapy for the Treatment of Sexual Function Impairment in Female,Autologous adipose-derived mesenchymal stem cell administration for female with sexual functional deficiency
208,209,NCT01714167,Stroke,Autologous Bone Marrow Mesenchymal Stem Cell Transplantation for Chronic Stroke,intracerebral stem cell transplantation
209,210,NCT04749667,Multiple Sclerosis|Progressive Multiple Sclerosis,Study of Mesenchymal Autologous Stem Cells as Regenerative Treatment for Multiple Sclerosis,MSCs|Saline
210,211,NCT03279796,Rotator Cuff Tear|Lateral Epicondylitis,Treatment of Tendon Disease Using Autologous Adipose-derived Mesenchymal Stem Cells,Autologous adipose-derived MSCs|Compound betamethasone
211,212,NCT02327832,Liver Regeneration,Safety Study of Liver Regeneration Therapy Using Cultured Autologous BMSCs,Autologous BMSCs|bone marrow-derived mesenchymal stem cells
212,213,NCT01274975,Spinal Cord Injury,Autologous Adipose Derived MSCs Transplantation in Patient With Spinal Cord Injury.,Autologous Adipose Derived Mesenchymal Stem Cells
213,214,NCT01300598,Degenerative Arthritis,Autologous Adipose Tissue Derived Mesenchymal Stem Cells Transplantation in Patient With Degenerative Arthritis,Autologous Adipose Tissue derived MSCs Transplantation
214,215,NCT04212728,Knee Osteoarthritis,Treatment of Knee Osteoarthritis With Autologous Adipose-derived Mesenchymal Stem Cells,Auotologous AMSCs plus autologous PRP|Auotologous PRP
215,216,NCT04834609,Perianal Fistula|Adipose Tissue|Tissue Transplantation,Adipose Derived Mesenchymal Stem Cell Characteristics in Anal Fistulas,Injection of autologous adipose tissue in anal fistula
216,217,NCT02881489,Amyotrophic Lateral Sclerosis,Autologous Bone Marrow Mesenchymal Stem Cells in the Treatment of Patients With Amyotrophic Lateral Sclerosis,Biological: Cell-based therapy
217,218,NCT01306513,Emphysema,Safety and Feasibility Study of Administration of Mesenchymal Stemcells for Treatment of Emphysema,autologous bone marrow derived mesenchymal stromal cells
218,219,NCT02474342,Rotator Cuff Disease,Autologous Adipose Tissue Derived Mesenchymal Stem Cells for Rotator Cuff Disease,Autologous Adipose Tissue Derived MSCs Transplantation|Autologous Adipose Tissue Derived MSCs Transplantation|Autologous Adipose Tissue Derived MSCs Transplantation
219,220,NCT01809769,Knee Osteoarthritis,Autologous Adipose Tissue Derived Mesenchymal Stem Cells Therapy for Patients With Knee Osteoarthritis,Mesenchymal stem cells low-dose group|Mesenchymal stem cells mid-dose group|Mesenchymal stem cells high-dose group
220,221,NCT00850187,Knee Osteoarthritis,Autologous Transplantation of Mesenchymal Stem Cells (MSCs) and Scaffold in Full-thickness Articular Cartilage,Bone marrow derived mesenchymal stem cells
221,222,NCT03828123,"Motor Neuron Disease, Amyotrophic Lateral Sclerosis",Autologous Multipotent Mesenchymal Stromal Cells in the Treatment of Amyotrophic Lateral Sclerosis,Suspension of human autologous MSC 3P in 1.5 ml
222,223,NCT02808208,End Stage Renal Disease (ESRD)|Vascular Access Complication,Autologous Adipose Derived Mesenchymal Stem Cells (AMSC) in Reducing Hemodialysis Arteriovenous Fistula Failure,Single Application of Adipose Derived Mesenchymal Stem Cells (AMSC)|Placebo|Two Applications of Adipose Derived Mesenchymal Stem Cells (AMSC)
223,224,NCT04855955,Alzheimer Disease,Autologous Human Adipose-Derived Mesenchymal Stem Cells in Alzheimer's Disease,Adipose-Derived Mesenchymal Stem Cells
224,225,NCT03070275,Implant Therapy,Dental Implant Placement in Adjunction With Autologous Alveolar Bone-Marrow Derived Mesenchymal Stem Cells (aBM-MSCs),Biocomplex: aBM-MSCs/fibrin glue/collagen fleece|Two-stage surgical implant placement
225,226,NCT02330978,Retinal Degeneration|Primary Open-angle Glaucoma,Intravitreal Mesenchymal Stem Cell Transplantation in Advanced Glaucoma.,Intravitreal transplantation of mesenchymal stem cell|Culture and isolation of autologous bone-marrow mesenchymal stem cells
226,227,NCT02449005,Chronic Periodontitis,Autologous Alveolar Bone Marrow Mesenchymal Stem Cells for the Reconstruction of Infrabony Periodontal Defects,BM-MSCs/fibrin glue/collagen fleece|Fibrin glue/collagen fleece|Open flap debridement
227,228,NCT03166189,"Infertility, Female|Infertility of Uterine Origin|Asherman Syndrome",Autologous Bone Marrow-derived Mesenchymal Stem Cells for Atrophic Endometrium in Patients With Repeated IVF Failures,bone marrow-derived MSC and HRT|hormonal replacement therapy
228,229,NCT01909154,Spinal Cord Injury,Safety Study of Local Administration of Autologous Bone Marrow Stromal Cells in Chronic Paraplegia,Mesenchymal stromal cell therapy
229,230,NCT04815213,Premature Ovarian Failure,The Use of Expandeded Mesenchymal Stromal Cells (MSC) in Premature Ovarian Failure (POF) in Adult Humans,expanded autologous bone marrow derived MSC
230,231,NCT02195323,Chronic Kidney Disease,Autologous Bone Marrow Derived Mesenchymal Stromal Cells (BM-MSCs) in Patients With Chronic Kidney Disease (CKD),Intravenous injection
231,232,NCT03325504,Non Union Fracture,A Comparative Study of 2 Doses of BM Autologous H-MSC+Biomaterial vs Iliac Crest AutoGraft for Bone Healing in Non-Union,Cultured Mesenchymal Stem Cells|Autologous iliac crest graft
232,233,NCT04484402,Corneal Ulcer|Corneal Disease|Corneal Dystrophy,Treatment of Patients With Inflammatory-dystrophic Diseases of the Cornea Using Autologous Stem Cells,mesenchymal stem cells|limbal stem cells|standard treatment
233,234,NCT01769872,Spinal Cord Injury,Safety and Effect of Adipose Tissue Derived Mesenchymal Stem Cell Implantation in Patients With Spinal Cord Injury,Autologous Adipose Tissue derived MSCs Transplantation
234,235,NCT01227694,"Osteoarthritis, Knee|Knee Injuries|Joint Diseases|Rheumatic Diseases|Cartilage Diseases",Adult Stem Cell Therapy for Repairing Articular Cartilage in Gonarthrosis,Autologous MSC knee implantation
235,236,NCT04064957,Spinal Cord Injuries,Individual Patient Expanded Access IND of Hope Biosciences Autologous Adipose-derived Mesenchymal Stem Cells for Chronic Spinal Cord Injury,HB-adMSCs
236,237,NCT02853942,"Injury of Facial Nerve, Unspecified Side, Initial Encounter",Autologous Adipose Mesenchymal Stem Cell Transplantation in the Treatment of Patients With Hemifacial Spasm,Autologous adipose stem cell therapy|Mecobalamin
237,238,NCT00976287,Liver Cirrhosis,Autologous Bone Marrow Mesenchymal Stem Cells Transplantation Via Hepatic Artery in Patients With Liver Cirrhosis,Hepatic artery infusion|Conserved Therapy
238,239,NCT01456819,Critical Limb Ischemia,Intramuscular Mononuclear Cells and Mesenchymal Stem Cells Transplantation to Treat Chronic Critical Limb Ischemia,Mononuclear and mesenchymal stem cells|Mononuclear cells
239,240,NCT05094011,Idiopathic Parkinson's Disease,"Evaluating Safety, Tolerability, and Efficacy of Autologous MitoCell Transplantation in Subjects With Idiopathic Parkinson's Disease",Aadipose-Derived Mesenchymal Stem Cells
240,241,NCT01446614,Parkinson's Disease,Mesenchymal Stem Cells Transplantation to Patients With Parkinson's Disease,bone marrow derived mesenchymal stem cells
241,242,NCT03608579,"Osteoarthritis, Hip",Autologous Culture Expanded Adipose Derived MSCs for Treatment of Painful Hip OA,Autologous Adipose Derived Mesenchymal Stromal Cells
242,243,NCT01446640,Spinal Cord Injury,Mesenchymal Stem Cells Transplantation to Patients With Spinal Cord Injury,bone marrow derived mesenchymal stem cells
243,244,NCT04448106,"Osteoarthritis, Knee|Osteoarthritis, Hip|Osteoarthritis Shoulder",Autologous Adipose Tissue-Derived Mesenchymal Stem Cells (AdMSCs) for Osteoarthritis,Celltex- AdMSCs
244,245,NCT03308565,Spinal Cord Injuries|Paralysis,Adipose Stem Cells for Traumatic Spinal Cord Injury,"Autologous, Adipose derived Mesenchymal Stem Cells"
245,246,NCT00956891,Liver Failure|Mesenchymal Stem Cells,Therapeutic Effects of Liver Failure Patients Caused by Chronic Hepatitis B After Autologous MSCs Transplantation,
246,247,NCT03876197,Radiation Toxicity|Xerostomia Due to Radiotherapy|Dry Mouth|Hyposalivation|Mesenchymal Stem Cells|Mesenchymal Stromal Cells|Long Term Adverse Effects,Mesenchymal Stem Cells for Radiation-induced Xerostomia,Autologous adipose-derived mesenchymal stem/stromal cells|Placebo
247,248,NCT03887208,Skin|Scar|Cutis Laxa|Keloid|Cicatrix,Therapy of Scars and Cutis Laxa With Autologous Adipose Derived Mesenchymal Stem Cells,Laser therapy|Autologous ADSC injection|Normal saline injection
248,249,NCT00993941,Liver Cirrhosis,Bone Mesenchymal Stem Cell (BMSC) Transplantation in Liver Cirrhosis Via Portal Vein,Autologous BMSCs transplantation|Conserved therapy
249,250,NCT01763099,Hematopoietic Stem Cell Transplantation|Mesenchymal Stem Cells|Umbilical Cord Blood|Graft Failure|Hematological Diseases,Mesenchymal Stem Cells Combined With Cord Blood for Treatment of Graft Failure,Mesenchymal stem cells|Mesenchymal stem cells and cord blood
250,251,NCT00768066,"Stem Cell Transplantation|Ventricular Dysfunction, Left",The Transendocardial Autologous Cells (hMSC or hBMC) in Ischemic Heart Failure Trial (TAC-HFT),Autologous human mesenchymal cells (hMSCs)|Autologous human bone marrow cells (hBMCs)|Placebo
251,252,NCT04029896,Cerebral Palsy,Individual Patient Expanded Access IND of Hope Biosciences Autologous Adipose-derived Mesenchymal Stem Cells for the Treatment of Cerebral Palsy,HB-adMSCs
252,253,NCT00395200,Multiple Sclerosis,Mesenchymal Stem Cells in Multiple Sclerosis (MSCIMS),MSC Treatment
253,254,NCT04428801,COVID-19,Autologous Adipose-derived Stem Cells (AdMSCs) for COVID-19,autologous adipose-derived stem cells
254,255,NCT00557635,Tibia or Femur Pseudo-arthrosis,Osseous Setting Improvement With Co-implantation of Osseous Matrix and Mesenchymal Progenitors Cells From Autologous Bone Marrow,Chirurgical procedure
255,256,NCT02145897,Critical Limb Ischemia,To Evaluate the Safety and Efficacy of IM and IV Administration of Autologous ADMSCs for Treatment of CLI,Autologous Stromal Vascular Fraction (SVF)|Autologous Adipose Derieved MSCs|Control
256,257,NCT03047772,"Myocardial Infarction|Stem Cell Transplantation|Angioplasty, Transluminal, Percutaneous Coronary",Transplantation Efficacy of Autologous Bone Marrow Mesenchymal Stem Cells With Intensive Atorvastatin in AMI Patients,Atorvastatin|Intensive Atorvastatin|Low dose BMMSC|Middle dose BMMSC|High dose BMMSC|Transplantation
257,258,NCT02057965,Renal Transplant Rejection|Fibrosis,Mesenchymal Stromal Cell Therapy in Renal Recipients,Mesenchymal Stromal Cells
258,259,NCT03692221,Disc Degeneration,Mesenchymal Stem Cells for Lumbar Degenerative Disc Disease,MSC Treatment group 1 (low dose)|MSC Treatment group 2 (high dose)|Healthy Control (no treatment)
259,260,NCT04675359,Knee Osteoarthritis|Chondropathy,Adipose-derived MSCs After Enzymatic Digestion vs. Mechanically Fragmented Fat Transfer in Knee Osteoarthritis Treatment,Autologous adipose derived Mesenchymal Stromal Cells (MSC) injection into the knee joint
260,261,NCT03933995,Erectile Dysfunction,Follow up Study(Phase 1) to Evaluate Safety of Autologous Bone Marrow Derived MSCs in Erectile Dysfunction,no Intervention
261,262,NCT03639506,Repetition Failure,Clinical Application of Autologous Mitochondria Transplantation for Improving Oocyte Quality.,autologous mitochondria transplantation|autologous mitochondria from bone marrow mesenchymal stem cells into oocyte as well as intracytoplasmic sperm injection (ICSI)|intracytoplasmic sperm injection (ICSI)
262,263,NCT02448849,Bone Fracture,Autologous BM-MSC Transplantation in Combination With Platelet Lysate (PL) for Nonunion Treatment,Percutaneous injection|Percutaneous injection
263,264,NCT02162693,Knee Osteoarthritis,Clinical Trial of Autologous Adipose Tissue-Derived Mesenchymal Progenitor Cells (MPCs) Therapy for Knee Osteoarthritis,Mesenchymal progenitor cells|Sodium Hyaluronate
264,265,NCT03397095,Ischemic Heart Disease,Sequential Treatment of Extra-Corporeal Shock Wave Combined With aUtologous Bone marRow Mesenchymal Stem Cells on Patients With ischEmic Heart Disease : the S-CURE Study,CSWT+BMMSCs|CSWT+Sham operation
265,266,NCT03069209,Premature Ovarian Failure,Autologous Bone Marrow-Derived Stem Cell Transplantation in Patients With Premature Ovarian Failure (POF),Stem Cells
266,267,NCT02801890,Ultra Filtration Failure,Evaluation of Autologous Adipose Derived Mesenchymal Stromal Cells (AD-MSC) Transplantation in Ultra Filtration Failure (UFF),Intravenous injection
267,268,NCT04744051,Post-Concussion Syndrome,"ATCell™ Expanded Autologous, Adipose-Derived Mesenchymal Stem Cells Deployed Via Intravenous Infusion",50 Adipose Derived Stem Cell Infusion|150 Adipose Derived Stem Cell Infusion|300 Adipose Derived Stem Cell Infusion|Placebo Infusion
268,269,NCT03626090,Liver Cirrhosis,Mesenchymal Stem Cell Therapy for Liver Cirrhosis,Autologous BM MSC
269,270,NCT02838069,Osteoarthritis,A Study Evaluating the Efficacy of a Single Injection Autologous Adipose Derived Mesenchymal Stromal Cells in Patients With Knee Osteoarthritis,Injection (2x106 ASC/5ml).|Injection (10x106 ASC/5ml).|Placebo
270,271,NCT00659217,Lupus Nephritis,Effect of Mesenchymal Stem Cell Transplantation for Lupus Nephritis,mesenchymal stem cell
271,272,NCT03691909,Rheumatoid Arthritis,Phase 1/2a Clinical Trial to Assess the Safety of HB-adMSCs for the Treatment of Rheumatoid Arthritis,HB-adMSCs
272,273,NCT03000712,Degenerative Arthritis|Knee Osteoarthritis,Investigator Initiated Trial to Evaluate the Efficacy and Safety of Intra-articular Injection of ADMSC Comared to Negative Control After High Tibial Osteotomy in the Osteoarthritis Patients.,Autologous Adipose Tissue derived MSCs 1x10^8cells/3ml
273,274,NCT04953572,Cartilage Injury,Treatment of Cartilage Defects With Peripheral Blood Stem Cells,autologous peripheral blood mesenchymal stem cell|Microfracture|Microfracture + collagen membrane|Autologous osteochondral transplantation
274,275,NCT01751282,Non Healing Wounds,Study of the Effectiveness of Autologous Bone Marrow-Derived Mesenchymal Stem Cells in Fibrin to Treat Chronic Wounds,Stem Cell
275,276,NCT04421274,Myocardial Infarction,Bone Marrow Mesenchymal Stem Cells Transfer in Patients With ST-segment Elevation Myocardial Infarction,Bone marrow mesenchymal stem cells transfer|Best medical treatment|Percutaneous coronary intervention
276,277,NCT02210624,Anoxic Brain Injury,Safety and Efficacy Assessment of Autologous Bone-marrow Derived Adult Mesenchymal Stem Cell Therapy in Patients With Anoxic(or Hypoxic) Brain Injury Pilot Trial,HYNR-CS inj.
277,278,NCT02603744,Premature Ovarian Failure,Autologous Adipose Derived Mesenchymal Stromal Cells Transplantation in Women With Premature Ovarian Failure (POF),Intraovarian injection of Adipose derived Stromal cells (ADSCs)
278,279,NCT03743155,Xerostomia Due to Radiotherapy,Clinical Trial to Evaluate the Effect and Safety of MSV in Xerostomy,mesenchymal cells
279,280,NCT02503280,Chronic Ischemic Left Ventricular Dysfunction|Myocardial Infarction,The Transendocardial Autologous Cells (hMSC) or (hMSC) and (hCSC) in Ischemic Heart Failure Trial.,Autologous hMSCs|Autologous Human C-Kit CSCs II|Placebo|Biosense Webster MyoStar NOGA Injection Catheter System
280,281,NCT04368806,"Osteoarthritis, Knee",A Phase 2b/3a Study to Evaluate the Efficacy and Safety of JointStem in Patients Diagnosed as Knee Osteoarthritis,JointStem|Placebo Control
281,282,NCT03346967,Hormone Deficiency,Outcomes of Adipose Derived Mesenchymal Stem Cells on Sexual Hormone Deficiency,adipose-derived mesenchymal stem cells
282,283,NCT01984450,Articular Cartilage Defect,A Study to Compare Two Techniques for Articular Cartilage Repair:ACIC Vs. MCIC,ACIC|MCIC|implant with a collagen + fibrin gel mixture
283,284,NCT02705742,Liver Cirrhosis,Mesenchymal Stem Cells Transplantation for Liver Cirrhosis Due to HCV Hepatitis,Mesenchymal Stem Cells
284,285,NCT03130374,Tracheal Stenosis|Laryngeal Stenosis|Mesenchymal Stem Cells,Treatment of Laryngotracheal Stenosis Using Mesenchymal Stem Cells,Olfactory mucosa-derived mesenchymal stem cells
285,286,NCT03968198,Critical Limb Ischemia and Peripheral Artery Disease,Administration of Adipose-derived Stem Cells (ASC) in Patient With Critical Limb Ischemia,Autologous ASC (for Adipose-derived Stem/Stroma Cell)
286,287,NCT01325103,Spinal Cord Injury,Autologous Bone Marrow Stem Cell Transplantation in Patients With Spinal Cord Injury,Stem Cell Transplantation
287,288,NCT04170426,Rheumatoid Arthritis,Autologous Adipose-derived Stem Cells (AdMSCs) for Rheumatoid Arthritis,autologous adipose derived stem cells
288,289,NCT04739930,Cartilage Injury,Autologous Bone Marrow Concentrate in Knee Osteochondral Allograft Transplantation,Autologous bone marrow aspirate will be harvested and concentrated to a bone marrow aspirate concentrate (BMAC) containing bone marrow derived mesenchymal stem cells and delivered to site of operation|Control group incision
289,290,NCT05465096,Hip Osteoarthritis|Hip Disease,Treatment of Osteoarthritis of the Hip Joint With Intra-articular Injection of Microfractured Autologous Adipose Tissue Containing Mesenchymal Stromal Cells.,Micro-fragmented adipose tissue injection
290,291,NCT05535803,Tracheal Stenosis|Laryngeal Stenosis,Treatment of Laryngotracheal Stenosis Using Mesenchymal Stem Cells,Olfactory mucosa-derived mesenchymal stem cells|Patients treated according to current clinical protocols
291,292,NCT01143168,Type 1 Diabetes Mellitus,Stem Cell Therapy for Type 1 Diabetes Mellitus,autologous bone marrow mononuclear cells and umbilical cord mesenchymal stem cells
292,293,NCT03067870,"RheumatoId Arthritis|Osteoarthritis, Knee|Osteoarthritis, Hip",Transplantation of Autologous Bone Marrow Derived Stem Cells in Patients With Rheumatoid Arthritis,Stem Cell Transplantation
293,294,NCT02641769,Non-obstructive Azoospermia,Intra-Testicular Transplantation of Autologous Stem Cells for Treatment of Non-Obstructive Azoospermia Male Infertility.,Stem Cell Transplantation
294,295,NCT01663376,Critical Limb Ischemia,Safety and Effect of Adipose Tissue Derived Mesenchymal Stem Cells Implantation in Patients With Critical Limb Ischemia,Autologous Adipose Tissue derived MSCs Transplantation
295,296,NCT03509025,Knee Osteoarthritis,Follow-up Study for Participants Jointstem Clinical Trial,Jointstem
296,297,NCT01314092,Complex Perianal Fistula,Clinical Trials of Autologous Cultured Adipose-derived Stem Cells (ANTG-ASC) on Complex Fistula,Autologous cultured adipose derived stem cells(low dose group)|Autologous cultured adipose derived stem cells(high dose group)
297,298,NCT01913886,Ischemic Cardiomyopathy,Mesenchymal Stem Cells to Treat Ischemic Cardiomyopathy,MSCs injection
298,299,NCT02462330,Chronic Myocardial Ischemia,Administration of Mesenchymal Stem Cells in Patients With Chronic Ischemic Cardiomyopathy (MESAMI2),Autologous MSC from bone marrow|Placebo comparator
299,300,NCT04612465,Crohn's Fistula,Clinical Study to Evaluate Efficacy and Safety of ASC and Fibringlue or Fibringlue in Patients With Crohn's Fistula,ASC|Fibringlue
300,301,NCT03990805,Degenerative Arthritis|Knee Osteoarthritis,A Phase 3 Study to Evaluate the Efficacy and Safety of JointStem in Treatment of Osteoarthritis,JOINTSTEM|saline
301,302,NCT02492490,Uremia,Effect of SVF Derived MSC in DCD Renal Transplantation,SVFderived MSC transplantations|Basiliximab
302,303,NCT02566655,Osteoporosis|Spinal Fractures,Clinical Trial of Intravenous Infusion of Fucosylated Bone Marrow Mesenchyme Cells in Patients With Osteoporosis,Fucosylated MSC for Osteoporosis
303,304,NCT03925649,Spinal Cord Injury at C5-C7 Level,Individual Patient Expanded Access IND of Hope Biosciences Autologous Adipose-derived Mesenchymal Stem Cells for Treatment of SCI,HB-adMSCs
304,305,NCT04650568,Anterior Cruciate Ligament Injury|Anterior Cruciate Ligament Rupture,Biologic Augmentation With Mesenchymal Stem Cells in Patients Undergoing Anterior Cruciate Ligament Reconstruction,Autologous Bone Marrow Derived Mesenchymal Stem Cells|Sham incision
305,306,NCT02334878,"Urinary Incontinence, Stress",Stem Cell Therapy for Treatment of Female Stress Urinary Incontinence,"Stem Cells,Mesenchymal|surgery (TVT)"
306,307,NCT02135380,Idiopathic Pulmonary Fibrosis,Evaluate Safety and Efficacy of Intravenous Autologous ADMSc for Treatment of Idiopathic Pulmonary Fibrosis,Autologous Stromal Vascular Fraction (SVF)|Autologous Adipose Derived MSCs (ADMSCs)|Control
307,308,NCT05553132,Cartilage Defect,A Study of REcycled CartiLage Auto/Allo IMplantation to Treat and Repair Focal Hip Cartilage Defects,Autologous Chondrocytes in their Pericellular Matrix (Chondrons) Coimplanted with Allogeneic Adipose-Derived Mesenchymal Stromal Cells (AMSCs) in a Fibrin Glue Carrier
308,309,NCT01585857,Osteoarthritis,ADIPOA - Clinical Study,Autologous adipose derived stem cells administrated for intra-articular use|Autologous adipose derived stem cells administrated for intra-articular use
309,310,NCT05116540,Multiple Sclerosis,Randomized Double-Blind Phase 2 Efficacy and Safety of Autologous HB-MSCs vs Placebo for Treatment of Multiple Sclerosis,HB-adMSCs|Placebo
310,311,NCT03187431,Stem Cell Transplant Complications,Role of Stem Cell Therapy in Interstitial Pulmonary Fibrosis,autologous bone marrow mesenchymal stem cells
311,312,NCT04489732,Xerostomia Following Radiotherapy,MSC in Patients With Xerostomia Post XRT in Head and Neck Cancer,"Autologous bone-marrow derived, interferon gamma stimulated mesenchymal stromal cells"
312,313,NCT01257776,Critical Limb Ischemia (CLI)|Diabetes,Human Adipose Derived Mesenchymal Stem Cells for Critical Limb Ischemia (CLI) in Diabetic Patients,Autologous adipose derived mesenchymal stem cells
313,314,NCT04435249,Bronchopleural Fistula,ENgineered Tissue Repair of BronchopleUral fiSTula,BPF-001
314,315,NCT02796079,Peripheral Vascular Disease|Ischemia|Diabetic Foot,A Clinical Study Using Autologous Bone Marrow Stem Cell for Diabetes Related Vascular Complications,mesenchymal stem cells|saline
315,316,NCT05288725,"Osteoarthritis, Knee",Mesenchymal Stem Cell Therapy for Knee Osteoarthritis,Bone Marrow Derived MSCs|Corticosteroid|Bone Marrow Aspirate
316,317,NCT01687777,Chronic Disease,Mensenchymal Stem Cell (MSC) Included in OrthADAPT Membrane for Rotator Cuff Tears Repair,Mesenchymal Stem Cells (MSCs)|OrthADAPT
317,318,NCT01210950,Leg Length Inequality,Distraction Osteogenesis in Limb-length Discrepancy With Mesenchymal Cell Transplantation,cell and RPR injection
318,319,NCT01309061,Progressive Hemifacial Atrophy|Romberg's Disease,The Effect of Human Adipose Tissue-derived MSCs in Romberg's Disease,Autologous Adipose Tissue derived MSCs Transplantation
319,320,NCT02749448,Pulmonary Disease,Mesenchymal Stem Cells Therapy for Treatment of Airway Remodeling in Mustard Patients,mesenchymal stem cell
320,321,NCT01392105,Acute Myocardial Infarction,Safety and Efficacy of Intracoronary Adult Human Mesenchymal Stem Cells After Acute Myocardial Infarction,Mesenchymal stem cell|Control group
321,322,NCT03818737,Osteoarthritis,Multicenter Trial of Stem Cell Therapy for Osteoarthritis (MILES),Bone Marrow Derived MSCs|Adipose-derived MSCs|Umbilical Cord Tissue (UCT) MSCs|Corticosteroid injection
322,323,NCT01877759,Liver Cirrhosis,A Clinical Study to Evaluate the Safety and Efficacy of Mesenchymal Stem Cells in Liver Cirrhosis,Mesenchymal stem cell
323,324,NCT04427930,Knee Osteoarthritis,Follow-up Study for Participants of Jointstem Phase 3 Clinical Trial,JOINTSTEM
324,325,NCT01842477,"Delayed Union After Fracture of Humerus, Tibial or Femur",Evaluation of Efficacy and Safety of Autologous MSCs Combined to Biomaterials to Enhance Bone Healing,Implantation of bone substitute plus autologous cultured mesenchymal cells
325,326,NCT01985633,"Osteoarthritis, Knee",Mesenchymal Stem Cells Enhanced With PRP Versus PRP In OA Knee,Mesenchymal stem cell suspension|PRP
326,327,NCT04501341,T2D,BM-MNC and UCMSC for Type 2 Diabetes Mellitus Patients,"Bone-marrow aspiration, Intra-pancreatic Catheterisation of BM-MNC|Intravenous Infusion of UC-MSC"
327,328,NCT01159899,Osteoarthritis|Knee Osteoarthritis|Osteochondritis Dissecans|Osteonecrosis,Transplantation of Bone Marrow Stem Cells Stimulated by Proteins Scaffold to Heal Defects Articular Cartilage of the Knee,Transplantation of Bone Marrow Stem Cells Activated in Knee Arthrosis
328,329,NCT01719640,"Diabetes Mellitus, Type 2",MSC and BMMNC in Type 2 Diabetes Mellitus,infusion of BMMSCs|infusion BMMNCs|insulin
329,330,NCT01652209,Acute Myocardial Infarction,To Evaluate the Efficacy and Safety of Hearticelgram®-AMI in Patients With Acute Myocardial Infarction.,Hearticellgram-AMI
330,331,NCT02016508,Age Related Macular Degeneration,Safety Study of Use of Autologous Bone Marrow Derived Stem Cell in Treatment of Age Related Macular Degeneration,autologous bone marrow derived stem cells
331,332,NCT04514952,Amyotrophic Lateral Sclerosis,Individual Patient Expanded Access IND of Autologous HBadMSCs for the Treatment of Amyotrophic Lateral Sclerosis,HB-adMSCs
332,333,NCT02145923,Neutropenic Enterocolitis|Myeloablative Chemotherapy Induced Bone Marrow Aplasia,Effectiveness and Safety of MMSCs for Enhancing Hematopoietic Recovery and Prophylaxis of Neutropenic Enterocolitis,Peripheral blood stem cell mobilisation and collection|High-dose chemotherapy|Bone marrow derived allogeneic MMSCs infusion|Autologous peripheral blood stem cells infusion
333,334,NCT00908856,Stroke,Autologous Cell Therapy After Stroke,autologous bone marrow mononuclear cell transfusion|marrow stromal cells|placebo
334,335,NCT03939741,Chronic Kidney Diseases,SVF (Adipose Tissue Derived MSC) Based Therapy for CKD.,SVF Containg Autologous Non Expanded ADSC
335,336,NCT02940418,Diabetes Mellitus Type 1,Use of Stem Cells in Diabetes Mellitus Type 1,Adipose mesenchymal cells with bone marrow mononuclear cells
336,337,NCT04604288,Knee Pain Chronic|Osteo Arthritis Knee,Individual Patient Expanded Access IND of Autologous HB-adMSCS for the Treatment of Bilateral Knee Pain.,HB-adMSC
337,338,NCT01771640,Amyotrophic Lateral Sclerosis,Intrathecal Transplantation of Mesenchymal Stem Cell in Patients With ALS,intrathecal injection
338,339,NCT04308213,Shoulder Arthritis,Study on Shoulder Arthritis Treatment With Intra-articular Injections of Autologous Bone Marrow Aspirate.,Marrow Cellution System
339,340,NCT05484856,"Osteoarthritis, Knee",Evaluation of Clinical Efficacy of Autologous Adipose Tissue Derived ADSCSs in Treatment of Osteoarthritis (OA),Autologous adipose tissue derived stromal cells
340,341,NCT05520112,Recurrent Pregnancy Loss,Treatment of Recurrent Pregnancy Loss Using Mesenchymal Stem Cells,Mesenchymal stem cells capable of differentiation in the endometrial-decidual direction|Standard treatment according to the clinical protocols
341,342,NCT02209311,Partially Edentulous Maxilla|Alveolar Bone Atrophy|Alveolar Bone Loss,Effectiveness and Safety of Method of Maxilla Alveolar Process Reconstruction Using Synthetic Tricalcium Phosphate and Autologous MMSCs,Oral mucosa biopsy|Sinus lift with implantation of tissue engineered construction|Dental implant
342,343,NCT03248466,Diabetic Foot Ulcer,PRG Combined With Autologous BMMSCs for Treatment of Diabetic Foot Ulcer,PRG combined with BMMSCs transplantation
343,344,NCT01351610,Critical Limb Ischemia|Peripheral Artery Disease,Tolerability and Efficacy of Intravenous Infusion of Autologous MSC_Apceth for the Treatment of Critical Limb Ischemia,PTA + Infusion of MSC_Apceth|PTA
344,345,NCT02492308,Living-relative Kidney Transplantation,Induction With SVF Derived MSC in Living-related Kidney Transplantation,SVF-MSC induction|Basiliximab induction
345,346,NCT00587990,"Stem Cell Transplantation|Ventricular Dysfunction, Left",Prospective Randomized Study of Mesenchymal Stem Cell Therapy in Patients Undergoing Cardiac Surgery (PROMETHEUS),Lower dose mesenchymal stem cell (MSC) injection|Placebo|Higher dose MSC injection
346,347,NCT04825730,Degenerative Arthritis|Knee Arthritis,Follow-up Study for Participants of Jointstem Investigator Initiated Trial by Arthroscopy,JOINTSTEM
347,348,NCT03078621,Cerebral Palsy,Bone Marrow-Derived Stem Cell Transplantation for the Treatment of Cerebral Palsy,Stem Cell Therapy
348,349,NCT03028428,Osteoarthritis|Stem Cells|MSC,Intra-articular Injection of MSCs in Treatment of Knee OA,Placenta Derived Mesenchymal Stem Cell|Sodium Hyaluronate
349,350,NCT03484741,Type 1 Diabetes Mellitus,Mesenchymal Stem Cell Therapy for Type 1 Diabetes Mellitus Patients,MSC and PRP
350,351,NCT03672825,Cartilage Defect,REcycled CartiLage Auto/Allo IMplantation,REcycled CartiLage Auto/Allo IMplantation
351,352,NCT03113747,Second- or Third-degree Burns,Allogeneic ADSCs and Platelet-Poor Plasma Fibrin Hydrogel to Treat the Patients With Burn Wounds (ADSCs-BWs),ALLO-ASCs
352,353,NCT02208713,Dystrophy,Intramuscular Transplantation of Muscle Derived Stem Cell and Adipose Derived Mesenchymal Stem Cells in Patients With Facioscapulohumeral Dystrophy (FSHD),Intramuscular injection
353,354,NCT02494752,Romberg's Disease|Craniofacial Microsomia|Lipodystrophy|Mixed Connective Tissue Disease,Role of Mesenchymal Stem Cells in Fat Grafting,Fat graft enriched with ex vivo expanded stem cells|Fat graft not enriched with ex vivo expanded stem cells
354,355,NCT03296501,Amyotrophic Lateral Sclerosis,Intraspinal Transplantation of Autologous ADRC in ALS Patients,Cell-based therapy of autologous adipose derived regenerative cells transplanted intraspinally and intrathecally in ALS patients
355,356,NCT01931007,Bilateral Primary Osteoarthritis of Knee,Use of Autologous Bone Marrow Aspirate Concentrate in Painful Knee Osteoarthritis,Autologous Bone Marrow Aspirate Concentrate|Sterile saline
356,357,NCT04928287,Parkinson Disease,"Randomized, Double-Blind Clinical Trial for Parkinson's Disease (Early and Moderate)",HB-adMSCs|Placebo
357,358,NCT02975960,Systemic Sclerosis,ADMSCs for the Treatment of Systemic Sclerosis,injection of autologous stromal vascular fraction
358,359,NCT03265444,Multiple System Atrophy,Safety and Tolerability of CS10BR05 Inj. in Subjects With Multiple System Atrophy,CS10BR05
359,360,NCT02107118,Erectile Dysfunction|Cardiac Disease,Stem Cells for the Improvement of Erectile and Cardiac Function in Aging Men,ARM 1: AdMSC: adipose stem cells|ARM 2: Placebo
360,361,NCT03455335,Critical Limb Ischemia,Autologous Stem Cells for the Treatment of No Option Critical Limb Ischemia,20 million hMSCs|40 million hMSCs|80 million hMSCs
361,362,NCT02855073,Defect of Articular Cartilage|Knee Osteoarthritis,Clinical Trial to Compare ReJoinTM to Sodium Hyaluronate Injection for Knee Osteoarthritis Cartilage Defects,ReJoinTM|Sodium Hyaluronate
362,363,NCT01076920,Chronic Myocardial Ischemia|Left Ventricular Dysfunction,Mesenchymal Stem Cells and Myocardial Ischemia,Mesenchymal stem cells
363,364,NCT05261360,"Knee; Injury, Meniscus (Lateral) (Medial)|Meniscus Tear|Meniscus Lesion|Meniscus; Degeneration|Meniscus; Laceration|Meniscus Injury, Tibial|Knee Injuries|Knee Pain Swelling|Arthralgia",Clinical Efficacy of Exosome in Degenerative Meniscal Injury,SF-MSC-EX|SF-MSC
364,365,NCT02504437,Myocardial Infarction|Acute Myocardial Infarction|Ischemic Cardiomyopathy,Therapy of Preconditioned Autologous BMMSCs for Patients With Ischemic Heart Disease,BMMSCs
365,366,NCT02525432,"Brain Injuries, Traumatic|Brain Injuries, Acute|TBI (Traumatic Brain Injury)",Autologous Stem Cell Study for Adult TBI (Phase 2b),Placebo Infusion|Autologous BMMNC Infusion
366,367,NCT01759823,Type 2 Diabetes Mellitus,Bone Marrow Derived Stem Cell Transplantation in T2DM,mesenchymal stem cell transplantation|control|MNC's TRANSPLANTATION
367,368,NCT03943940,Type 2 Diabetes Mellitus,BM-MNCs and UC-MSCs Infusion for Type 2 Diabetes Mellitus Patients,BM-MNC and UC-MSC|Control
368,369,NCT02177565,Non-union of Fractures,Autologous Stem Cell Therapy for Fracture Non-union Healing,carrier plus in vitro expanded autologous BMSCs
369,370,NCT01062750,Liver Cirrhosis,Liver Regeneration Therapy by Intrahepatic Arterial Administration of Autologous Adipose Tissue Derived Stromal Cells,adipose tissue derived stromal cells dosage
370,371,NCT03838250,Alcoholic Liver Cirrhosis,Study to Evaluate Hepatic Artery Injection of Autologous Human Bone Marrow-Derived MSCs in Patients With Alcoholic LC,Cellgram™ (Bone marrow-derived MSCs)
371,372,NCT02674399,"Osteoarthritis, Knee",A Phase 2 Study to Evaluate the Efficacy and Safety of JointStem in Treatment of Osteoarthritis,JointStem|Synvisc-One
372,373,NCT02025270,Male Infertility,MSCs For Treatment of Azoospermic Patients,Stem Cells
373,374,NCT04821102,Degenerative Arthritis|Knee Arthritis,Investigator Initiated Trial to Evaluate Cartilage Regeneration by Arthroscopy After JOINTSTEM Administration,JOINTSTEM|Saline
374,375,NCT03117738,Alzheimer Disease,A Study to Evaluate the Safety and Efficacy of AstroStem in Treatment of Alzheimer's Disease,AstroStem|Placebo-Control
375,376,NCT03067831,Duchenne Muscular Dystrophy,Bone Marrow-Derived Autologous Stem Cells for the Treatment of Duchenne Muscular Dystrophy,Stem Cells
376,377,NCT00913289,Liver Cirrhosis,Liver Regeneration Therapy Using Autologous Adipose Tissue Derived Stromal Cells,adipose tissue derived stromal cells
377,378,NCT04130373,"Pain, Postoperative",Multicentric Risk Evaluation of Autologous Fat Grafting Procedure,Autologous fat grafting procedure|Breast reconstruction
378,379,NCT04482413,Alzheimer Disease,Study to Evaluate the Safety and Efficacy of AstroStem in Treatment of Alzheimer's Disease,AstroStem|Placebo
379,380,NCT02483364,Pseudoarthrosis,A Clinical Trial to Assess the Effect of HC-SVT-1001 and HC-SVT-1002 in the Surgical Treatment of Atrophic Pseudarthrosis of Long Bones (Bonecure),HC-SVT-1001(initial protocol); HC-SVT-1002 (protocol amendment)
380,381,NCT03226015,Limbal Stem-cell Deficiency,Autologous Oral Mucosa Transplantation for Limbal Stem Cell Deficiency,
381,382,NCT02582489,Osteoarthritis Post-meniscectomy,Autologous Bone Marrow Aspirate Concentrate in Patients Undergoing Meniscectomy,Bone Marrow Aspirate Concentrate|Standard Meniscectomy
382,383,NCT01623453,Perianal Fistula|Primary; Complex,Follow-up Study of Autologous Adipose-derived Stem Cells (ANTG-ASC) for the Complex Fistula (ANTG-ASC-211),Autologous adipose derived stem cells(low dose group)|Autologous adipose derived stem cells(high dose group)
383,384,NCT02658344,Degenerative Arthritis|Knee Osteoarthritis,Clinical Trial to Evaluate Efficacy and Safety of JOINTSTEM in Patients With Degenerative Arthritis,JOINTSTEM|Saline solution
384,385,NCT00816803,Chronic Spinal Cord Injury,Cell Transplant in Spinal Cord Injury Patients,Autologous bone marrow transplant|Physical therapy
385,386,NCT03112122,Bone Marrow Edema,Study for the Treatment of the Bone Marrow Edema:Core Decompression VS Bone Marrow Concentrate (BMC) VS Bone Substitute,autologous bone marrow concentrate|bone substitute i-FactorTM|core decompression
386,387,NCT02779374,Premature Ovarian Failure,Autologous Bone Marrow Transplantation for Premature Ovarian Insufficiency,Autologous bone marrow transplantation
387,388,NCT03676569,Refractory Epilepsy,Intrathecal Autologous ADRC Treatment of Autoimmune Refractory Epilepsy,ADRC transplantation in autoimmune refractory epilepsy
388,389,NCT02304588,Diabetic Foot|Lower Limb Ischemia,Stem Cell Therapy for Patients With Vascular Occlusive Diseases Such as Diabetic Foot,Mesenchymal stem cells
389,390,NCT02409940,Renal Transplant Rejection,To Elucidate the Effect of Mesenchymal Stem Cells on the T Cell Repertoire of the Kidney Transplant Patients,Mesenchymal Stem Cells
390,391,NCT03869229,Knee Osteoarthritis|Hip Osteoarthritis|Glenohumeral Osteoarthritis|Osteoarthritis,Adipose-derived Mesenchymal Stem Cells in Osteoarthritis,Intra-articular injection of ADMSC
391,392,NCT01586312,"Osteoarthritis, Knee|Arthritis of Knee|Knee Osteoarthritis",Treatment of Knee Osteoarthritis With Allogenic Mesenchymal Stem Cells,Allogenic mesenchymal stromal cells injection|Hyaluronic Acid
392,393,NCT00813267,Osteochondritis of the Femoral Head,Mesenchymal Stem Cell for Osteonecrosis of the Femoral Head,mesenchymal stem cell infusion|bone marrow mononuclear cell infusion
393,394,NCT03686449,Burn With Full-Thickness Skin Loss,Autologous Keratinocyte Suspension Versus Adipose-Derived Stem Cell-Keratinocyte Suspension for Post-Burn Raw Area,Non-cultured Autologous Keratinocyte Suspension|Adipose-Derived Stem cell-Keratinocyte Suspension|Split skin graft
394,395,NCT01860417,Degenerative Disc Disease|Intervertebral Disc Disease|Low Back Pain,Treatment of Degenerative Disc Disease With Allogenic Mesenchymal Stem Cells (MSV),Allogenic Mesenchymal Stromal Cells|Mepivacaine
395,396,NCT04746599,"Critical Limb Ischemia|Peripheral Arterial Disease - PAD|Ischemic Ulcer|Ischemic Feet|Diabetic Foot|Scleroderma, Systemic|Thrombo Angiitis Obliterans|Ischemic Leg",Autologous Fat Grafting in the Treatment of Critical Limb Ischaemia,Autologous Fat Grafting
396,397,NCT01709279,Ischemic Heart Failure,Clinical Trial of Autologous Adipose Tissue Derived Stromal Cell Therapy for Ischemic Heart Failure,adipose tissue derived stromal cells dosage
397,398,NCT03678467,Mandible Tumor|Mandibular Injuries|Mandible; Deformity,Evaluation of EpiBone-CMF for Mandibular Ramus Reconstruction,EB-CMF
398,399,NCT03069170,Multiple Sclerosis,Autologous Bone Marrow Derived Stem Cells for the Treatment of Multiple Sclerosis.,Stem Cell Transplantation
399,400,NCT02403232,Perianal Fistula|Crohn Disease,Autologous Adipose-derived Stem Cells (ASCs) for the Treatment of Perianal Fistula in Crohn Disease: A Pilot Study,ASCs injection|ASCs injection|Closure of fistula tract.
400,401,NCT02037204,Foreign-Body Reaction|Inflammation|Effusion (L) Knee|Knee Pain Swelling,IMPACT: Safety and Feasibility of a Single-stage Procedure for Focal Cartilage Lesions of the Knee.,Cartilage repair surgery
401,402,NCT02648386,Rectal Cancer|Erectile Dysfunction,Stem Cell Therapy Combined With NeuroRegen Scaffold™ in Patients With Erectile Dysfunction After Rectal Cancer Surgery,Laparoscopic surgery|NeuroRegen scaffold transplantation|NeuroRegen scaffold/BMMCs transplantation|NeuroRegen scaffold/HUC-MSCs transplantation
402,403,NCT02513238,Xerostomia,Mesenchymal Stemcells for Radiation Induced Xerostomia,Mesenchymal stem cell|Isotonic NaCl
403,404,NCT03066245,Aneurysmal Bone Cyst,Use of Stem Cells Cultured on a Scaffold for the Treatment of Aneurysmal Bone Cysts (ABC),MSC-PLGA
404,405,NCT00418418,Heart Failure|Myocardial Infarction|Coronary Artery Disease,Combined CABG and Stem-Cell Transplantation for Heart Failure,Coronary bypass operation|Bone marrow aspiration (crista iliaca)|Intramyocardial mesenchymal stem cell transplantation|Intramyocardial injection of autologous serum
405,406,NCT04310852,Knee Osteoarthritis|Cartilage Degeneration,Knee Osteoarthritis Treatment With Percutaneous Injections of Autologous Bone Marrow Concentrate,BioCue Concentration Kit
406,407,NCT05385159,Scarred Vocal Folds,INNOVATIVE TREATMENT OF SCARRED VOCAL FOLDS BY LOCAL INJECTION OF AUTOLOGOUS ADIPOSE-DERIVED STROMAL VASCULAR FRACTION: EFFICACY VERSUS PLACEBO,AUTOLOGOUS ADIPOSE-DERIVED STROMAL VASCULAR FRACTION|Placebo
407,408,NCT01549665,Graft-Versus-Host Disease|GVHD|Allogeneic Hematopoietic Transplant|Disorder Related to Transplantation,Umbilical Cord Blood-derived Mesenchymal Stem Cells for the Treatment of Steroid-refractory Acute or Chronic Graft-versus-host-disease,Human umbilical cord blood-derived mesenchymal stem cells
408,409,NCT05016011,"Osteoarthritis, Knee",Efficacy of Allogeneic UCMSCs for Treating Large Defects Knee Injury,Human umbilical cord-derived mesenchymal stem cells (hUC-MSCs)|Marrow cellution
409,410,NCT02403947,Multiple Sclerosis,MEsenchymal StEm Cells for Multiple Sclerosis,Mesenchymal stem cells|Suspension media
410,411,NCT01742260,Surgically-Created Resection Cavity,Cranial Reconstruction Using Mesenchymal Stromal Cells and Resorbable Biomaterials,Repair of cranial defects by tissue engineering
411,412,NCT05193877,Treatment Complication,Autologous Bone Marrow Aspirate Concentrate Injection for the Treatment of Early Osteoarthritis:Baghdad 2022,autologous bone marrow aspirate concentrate by centrifugation
412,413,NCT01483248,Liver Cirrhosis|Fibrosis|Liver Disease|Digestive System Disease,Human Menstrual Blood-derived Mesenchymal Stem Cells for Patients With Liver Cirrhosis,conventional therapy plus MenSC transplantation|Conventional therapy plus placebo treatment
413,414,NCT05270850,Benign Airway Stenosis|Respiratory Tract Fistula,Clinical Study on Autologous Stromal Vascular Fraction(SVF) Treatment for Refractory Benign Airway Stenosis and Respiratory Tract Fistula,Control group|SVF group
414,415,NCT01739777,Dilated Cardiomyopathy,Randomized Clinical Trial of Intravenous Infusion Umbilical Cord Mesenchymal Stem Cells on Cardiopathy,ucMSC|Controls
415,416,NCT05081921,Osteoarthritis of Knee,Clinical Trial to Evaluate Safety and Efficacy of MesoCellA-Ortho Tissue-Engineered Advanced Therapy Product in Patients With Osteoarthrosis and Civilisation Diseases,MesoCellA-Ortho administration|HA administration
416,417,NCT03645460,Adenosine DeAminase Severe Combined ImmunoDeficiency (ADA-SCID),Gene Transfer for ADA-SCID Using an Improved Lentiviral Vector (TYF-ADA),TYF-ADA gene-modified autologous stem cells
417,418,NCT02445547,Crohn Disease,Umbilical Cord Mesenchymal Stem Cell Treatment for Crohn's Disease,UC-MSCs by peripheral intravenous infusion|received hormone maintenance therapy
418,419,NCT02622464,Dysphonia,Innovative Treatment for Scarred Vocal Cords by Local Injection of Autologous Stromal Vascular Fraction,micro injection of SVF in vocal cords
419,420,NCT03164122,Osteoarthritis,EVALUATION OF AN INNOVATIVE TREATMENT FOR RADIOCARPAL OSTEOARTHRITIS USING INTRA-ARTICULAR INJECTION OF A MIXTURE OF AUTOLOGOUS MICROFAT AND AUTOLOGOUS PLATELET-RICH PLASMA,injection of microfat and plasma rich platelet PRP|MRI
420,421,NCT01768702,Heart Failure,Safety and Efficacy of Autologous Cardiopoietic Cells for Treatment of Ischemic Heart Failure.,"Injection of C3BS-CQR-1|Sham, no injection"
421,422,NCT00629018,Dilated Cardiomyopathy,Safety and Efficacy Study of Stem Cell Transplantation to Treat Dilated Cardiomyopathy,CD34+ autologous stem cell transplantation|Bone Marrow Stimulation|SC therapy
422,423,NCT01529008,Osteonecrosis of the Femoral Head,Study on Autologous Osteoblastic Cells Implantation to Early Stage Osteonecrosis of the Femoral Head,Core decompression/PREOB® implantation|Core decompression/placebo implantation
423,424,NCT02958267,Knee Osteoarthritis,Investigation of Mesenchymal Stem Cell Therapy for the Treatment of Osteoarthritis of the Knee,BMAC injection|PRP injection|Gel-One® hyaluronate injection
424,425,NCT03013049,Vitiligo,A Novel Surgical Method in the Treatment of Unstable Vitiligo,Non cultured epidermal cell suspension|Non cultured dermal cell suspension
425,426,NCT01557543,Heart Disease|Ischemic Heart Disease|Coronary Artery Disease|Coronary Artery Disease (CAD),Stem Cell Injection to Treat Heart Damage During Open Heart Surgery,Cell Therapy
426,427,NCT00749164,Graft-Versus-Host Disease,Allogeneic Mesenchymal Stem Cell for Graft-Versus-Host Disease Treatment,MSC transplantation
427,428,NCT04288934,Spinal Cord Injuries,Treatment of Spinal Cord Injuries With (AutoBM-MSCs)vs (WJ-MSCs).,Collection and expansion of BM-MSC|VI-SCI evaluation and patients' follow up
428,429,NCT03351868,Fanconi Anemia,"FANCA Gene Transfer for Fanconi Anemia Using a High-safety, High-efficiency, Self-inactivating Lentiviral Vector",Gene-modified autologous stem cells
429,430,NCT04340284,Nonunion of Fracture,Adipose Tissue Derived Stromal Vascular Fraction (SVF) Application in Treatment of Long Bones Nonunion,autologous adipose tissue derived stromal vascular fraction (SVF)
430,431,NCT03788265,Knee Osteoarthritis,Autologous Micro-fragmented Adipose Tissue Injection for Knee Osteoarthritis,Lipogems
431,432,NCT00498316,Myelodysplastic Syndrome|Leukemia,Cord Blood Expansion on Mesenchymal Stem Cells,Cord Blood Infusion|Busulfan|Fludarabine|Rituximab|ATG|Cyclophosphamide|Clofarabine|Total Body Irradiation (TBI)|Melphalan|Tacrolimus|Mycophenolate Mofetil|G-CSF
432,433,NCT05207995,Diabetes Mellitus,The Treatment of Patients With Type 1 Diabetes Mellitus With Autologous Tolerogenic Dendritic Cells,Autologous tolerogenic dendritic cells|Standard treatment according to the clinical protocols
433,434,NCT02890537,Avascular Necrosis of Femur Head,Autologous Osteoblastic Cells Implantation to Early Stage Osteonecrosis of the Femoral Head,Core decompression/PREOB® implantation|Core decompression/BMC implantation
434,435,NCT01322789,"Diabetes Mellitus, Insulin-Dependent",Safety and Efficacy of Mesenchymal Stem Cells in Newly-diagnosed Type 1 Diabetic Patients,Intravenous Mesenchymal stem cell infusion
435,436,NCT01532076,Osteoporotic Fractures,Effectiveness of Adipose Tissue Derived Mesenchymal Stem Cells as Osteogenic Component in Composite Grafts,Cellularized composite graft augmentation|Acellular composite graft augmentation
436,437,NCT03643614,Rectovaginal Fistula,Autologous Adipose-derived Regenerative Cells Injection for Treatment of Radiation-induced Rectovaginal Fistula,Injection of autologous regenerative cells of adipose tissue
437,438,NCT02566681,Osteonecrosis of Jaw,Clinical Trial of Use of Autologous Bone Marrow Stem Cells Seeded on Porous Tricalcium Phosphate Matrix and Demineralized Bone Matrix in Patients With Osteonecrosis,MSC construct for Osteonecrosis
438,439,NCT01413061,Degenerative Osteoarthritis|Post-traumatic; Arthrosis|Rheumatoid Arthritis & Other Inflammatory Polyarthropathies|Rheumatoid Arthritis of Subtalar Joint,Study of Subtalar Arthrodesis Using AlloStem® Versus Autologous Bone Graft,Subtalar Arthrodesis
439,440,NCT05507697,Diabetic Peripheral Neuropathy Type 2,Treatment With Human Umbilical Cord Mesenchymal Stem Cells for Refractory Diabetic Peripheral Neuropathy,HUC-MSCs|Lipoic Acid
440,441,NCT04772378,Parkinson Disease,Intermediate Size Patient Population Expanded Access IND for the Treatment of Patients With Parkinson's Disease.,HB-adMSCs
441,442,NCT05280002,Osteoarthritis Knees,Adipose-tissue-derived Total-Stromal-cells (TOST) Therapy in Knee Osteoarthritis,Adipose Tissue derived Total-Stromal-Cells (TOST)
442,443,NCT04174898,Aging Well|Regenerative Medicine,MSC Infusion for Anti-aging and Regenerative Therapy,human Mesenchymal Stem Cell (MSC) infusion therapy
443,444,NCT01220492,Liver Cirrhosis,Umbilical Cord Mesenchymal Stem Cells for Patients With Liver Cirrhosis,conventional plus MSC treatment|conventional plus placebo treatment
444,445,NCT01393977,Spinal Cord Injuries,Difference Between Rehabilitation Therapy and Stem Cells Transplantation in Patients With Spinal Cord Injury in China,rehabilitation of limb function|Stem Cells Transplantation
445,446,NCT01873547,Spinal Cord Injury,Different Efficacy Between Rehabilitation Therapy and Stem Cells Transplantation in Patients With SCI in China,cell therapy|rehabilitation
446,447,NCT03792594,Rotator Cuff Tear|Bone Marrow,Autologous Bone Marrow Concentration for Rotator Cuff Tear,arthroscopic repair with bone marrow concentration|arthroscopic repair
447,448,NCT03794622,Bone Marrow|Femoral Shaft Fracture,Autologous Bone Marrow Concentration for Femoral Shaft Fracture Union,intramedullary nail fixation with bone marrow concentration|intramedullary nail fixation
448,449,NCT03787329,Avascular Necrosis of Femur|Bone Marrow,Autologous Bone Marrow Concentration for Avascular Necrosis of Femoral Head,Core decompression surgery with bone marrow concentration|Core decompression surgery
449,450,NCT01394432,Acute Myocardial Infarction|Heart Failure,"""ESTIMATION Study"" for Endocardial Mesenchymal Stem Cells Implantation in Patients After Acute Myocardial Infarction",PCI and Stem Cells or Placebo injections
450,451,NCT00790764,Heart Disease|Blocked Arteries|Coronary Ischemia|Coronary Disease|Coronary Artery Disease|Coronary Atherosclerosis,Phase II Combination Stem Cell Therapy for the Treatment of Severe Coronary Ischemia(CI),MESENDO|placebo
451,452,NCT01879046,Knee Osteoarthritis,Regenerative Medicine of Articular Cartilage: Characterization and Comparison of Chondrogenic Potential and Immunomodulatory Adult Mesenchymal Stem Cells,arthroplasty
452,453,NCT02645305,COPD,Adipose Derived Stem Cells Transplantation for Chronic Obstructive Pulmonary Disease,Adipose derived stem cells
