,URL,count,enrolled
0,https://ClinicalTrials.gov/show/NCT01770613,1,0
1,https://ClinicalTrials.gov/show/NCT03264573,1,40
2,https://ClinicalTrials.gov/show/NCT04433104,1,40
3,https://ClinicalTrials.gov/show/NCT02331134,1,40
4,https://ClinicalTrials.gov/show/NCT02564328,1,40
5,https://ClinicalTrials.gov/show/NCT04377334,1,40
6,https://ClinicalTrials.gov/show/NCT03902067,1,40
7,https://ClinicalTrials.gov/show/NCT04869761,1,40
8,https://ClinicalTrials.gov/show/NCT03184935,1,40
9,https://ClinicalTrials.gov/show/NCT03294759,1,40
10,https://ClinicalTrials.gov/show/NCT03259217,1,40
11,https://ClinicalTrials.gov/show/NCT02270307,1,40
12,https://ClinicalTrials.gov/show/NCT02833792,1,40
13,https://ClinicalTrials.gov/show/NCT04520373,1,40
14,https://ClinicalTrials.gov/show/NCT02815423,1,40
15,https://ClinicalTrials.gov/show/NCT01742533,1,40
16,https://ClinicalTrials.gov/show/NCT03048773,1,40
17,https://ClinicalTrials.gov/show/NCT02444858,1,40
18,https://ClinicalTrials.gov/show/NCT03186456,1,40
19,https://ClinicalTrials.gov/show/NCT04615455,1,40
20,https://ClinicalTrials.gov/show/NCT00955669,1,40
21,https://ClinicalTrials.gov/show/NCT02786017,1,40
22,https://ClinicalTrials.gov/show/NCT03336996,1,40
23,https://ClinicalTrials.gov/show/NCT03564808,1,40
24,https://ClinicalTrials.gov/show/NCT04519671,1,40
25,https://ClinicalTrials.gov/show/NCT02266394,1,42
26,https://ClinicalTrials.gov/show/NCT05095532,1,42
27,https://ClinicalTrials.gov/show/NCT05532943,1,41
28,https://ClinicalTrials.gov/show/NCT04573270,1,40
29,https://ClinicalTrials.gov/show/NCT04126603,1,40
30,https://ClinicalTrials.gov/show/NCT02140528,1,40
31,https://ClinicalTrials.gov/show/NCT02574585,1,40
32,https://ClinicalTrials.gov/show/NCT05262829,1,40
33,https://ClinicalTrials.gov/show/NCT03013049,1,40
34,https://ClinicalTrials.gov/show/NCT01510795,1,40
35,https://ClinicalTrials.gov/show/NCT02619734,1,40
36,https://ClinicalTrials.gov/show/NCT01741857,1,40
37,https://ClinicalTrials.gov/show/NCT04739930,1,40
38,https://ClinicalTrials.gov/show/NCT02439541,1,40
39,https://ClinicalTrials.gov/show/NCT04390152,1,40
40,https://ClinicalTrials.gov/show/NCT05122234,1,40
41,https://ClinicalTrials.gov/show/NCT04011059,1,40
42,https://ClinicalTrials.gov/show/NCT05177003,1,40
43,https://ClinicalTrials.gov/show/NCT03847844,1,40
44,https://ClinicalTrials.gov/show/NCT05279768,1,40
45,https://ClinicalTrials.gov/show/NCT04457609,1,40
46,https://ClinicalTrials.gov/show/NCT01663116,1,53
47,https://ClinicalTrials.gov/show/NCT04925024,1,38
48,https://ClinicalTrials.gov/show/NCT01343511,1,37
49,https://ClinicalTrials.gov/show/NCT01392625,1,37
50,https://ClinicalTrials.gov/show/NCT05385159,1,36
51,https://ClinicalTrials.gov/show/NCT03896568,1,36
52,https://ClinicalTrials.gov/show/NCT04236479,1,36
53,https://ClinicalTrials.gov/show/NCT03102879,1,36
54,https://ClinicalTrials.gov/show/NCT03673748,1,36
55,https://ClinicalTrials.gov/show/NCT05284604,1,36
56,https://ClinicalTrials.gov/show/NCT04612465,1,36
57,https://ClinicalTrials.gov/show/NCT01967186,1,36
58,https://ClinicalTrials.gov/show/NCT05155657,1,36
59,https://ClinicalTrials.gov/show/NCT00476060,1,36
60,https://ClinicalTrials.gov/show/NCT03252535,1,35
61,https://ClinicalTrials.gov/show/NCT02177565,1,35
62,https://ClinicalTrials.gov/show/NCT02037204,1,35
63,https://ClinicalTrials.gov/show/NCT00836732,1,35
64,https://ClinicalTrials.gov/show/NCT04219241,1,35
65,https://ClinicalTrials.gov/show/NCT02557724,1,35
66,https://ClinicalTrials.gov/show/NCT01879046,1,35
67,https://ClinicalTrials.gov/show/NCT02365142,1,38
68,https://ClinicalTrials.gov/show/NCT04134676,1,38
69,https://ClinicalTrials.gov/show/NCT04992832,1,40
70,https://ClinicalTrials.gov/show/NCT01297413,1,38
71,https://ClinicalTrials.gov/show/NCT05191381,1,40
72,https://ClinicalTrials.gov/show/NCT04519684,1,40
73,https://ClinicalTrials.gov/show/NCT04519697,1,40
74,https://ClinicalTrials.gov/show/NCT04282928,1,40
75,https://ClinicalTrials.gov/show/NCT04780685,1,40
76,https://ClinicalTrials.gov/show/NCT02643823,1,40
77,https://ClinicalTrials.gov/show/NCT02587572,1,40
78,https://ClinicalTrials.gov/show/NCT03176498,1,40
79,https://ClinicalTrials.gov/show/NCT02943889,1,40
80,https://ClinicalTrials.gov/show/NCT03239535,1,40
81,https://ClinicalTrials.gov/show/NCT01504464,1,40
82,https://ClinicalTrials.gov/show/NCT01591200,1,40
83,https://ClinicalTrials.gov/show/NCT01765634,1,40
84,https://ClinicalTrials.gov/show/NCT01429038,1,40
85,https://ClinicalTrials.gov/show/NCT01045382,1,39
86,https://ClinicalTrials.gov/show/NCT02884154,1,39
87,https://ClinicalTrials.gov/show/NCT03917797,1,39
88,https://ClinicalTrials.gov/show/NCT04452097,1,39
89,https://ClinicalTrials.gov/show/NCT04562025,1,38
90,https://ClinicalTrials.gov/show/NCT04213131,1,42
91,https://ClinicalTrials.gov/show/NCT05507697,1,42
92,https://ClinicalTrials.gov/show/NCT05132972,1,42
93,https://ClinicalTrials.gov/show/NCT01221428,1,50
94,https://ClinicalTrials.gov/show/NCT01159899,1,50
95,https://ClinicalTrials.gov/show/NCT05016011,1,50
96,https://ClinicalTrials.gov/show/NCT01456819,1,50
97,https://ClinicalTrials.gov/show/NCT01459640,1,50
98,https://ClinicalTrials.gov/show/NCT04763369,1,50
99,https://ClinicalTrials.gov/show/NCT01496339,1,50
100,https://ClinicalTrials.gov/show/NCT04536233,1,50
101,https://ClinicalTrials.gov/show/NCT00885729,1,50
102,https://ClinicalTrials.gov/show/NCT01690247,1,50
103,https://ClinicalTrials.gov/show/NCT01483248,1,50
104,https://ClinicalTrials.gov/show/NCT01544712,1,50
105,https://ClinicalTrials.gov/show/NCT03068988,1,50
106,https://ClinicalTrials.gov/show/NCT03631589,1,50
107,https://ClinicalTrials.gov/show/NCT00976287,1,50
108,https://ClinicalTrials.gov/show/NCT02161003,1,50
109,https://ClinicalTrials.gov/show/NCT04653077,1,50
110,https://ClinicalTrials.gov/show/NCT02304562,1,50
111,https://ClinicalTrials.gov/show/NCT04538885,1,50
112,https://ClinicalTrials.gov/show/NCT03609905,1,50
113,https://ClinicalTrials.gov/show/NCT00557635,1,50
114,https://ClinicalTrials.gov/show/NCT01305694,1,50
115,https://ClinicalTrials.gov/show/NCT04464213,1,43
116,https://ClinicalTrials.gov/show/NCT01216865,1,50
117,https://ClinicalTrials.gov/show/NCT00972660,1,52
118,https://ClinicalTrials.gov/show/NCT04210440,1,52
119,https://ClinicalTrials.gov/show/NCT04759105,1,52
120,https://ClinicalTrials.gov/show/NCT02290886,1,52
121,https://ClinicalTrials.gov/show/NCT03726255,1,52
122,https://ClinicalTrials.gov/show/NCT05066334,1,52
123,https://ClinicalTrials.gov/show/NCT02943486,1,51
124,https://ClinicalTrials.gov/show/NCT05160831,1,50
125,https://ClinicalTrials.gov/show/NCT02641769,1,50
126,https://ClinicalTrials.gov/show/NCT02334878,1,50
127,https://ClinicalTrials.gov/show/NCT03069170,1,50
128,https://ClinicalTrials.gov/show/NCT04146519,1,50
129,https://ClinicalTrials.gov/show/NCT00731744,1,50
130,https://ClinicalTrials.gov/show/NCT02829216,1,50
131,https://ClinicalTrials.gov/show/NCT01219465,1,50
132,https://ClinicalTrials.gov/show/NCT03078621,1,50
133,https://ClinicalTrials.gov/show/NCT01224327,1,50
134,https://ClinicalTrials.gov/show/NCT01394432,1,50
135,https://ClinicalTrials.gov/show/NCT00827398,1,50
136,https://ClinicalTrials.gov/show/NCT03069209,1,50
137,https://ClinicalTrials.gov/show/NCT03639506,1,50
138,https://ClinicalTrials.gov/show/NCT02635464,1,50
139,https://ClinicalTrials.gov/show/NCT03355365,1,50
140,https://ClinicalTrials.gov/show/NCT02323477,1,46
141,https://ClinicalTrials.gov/show/NCT02054208,1,46
142,https://ClinicalTrials.gov/show/NCT03863002,1,45
143,https://ClinicalTrials.gov/show/NCT03378414,1,45
144,https://ClinicalTrials.gov/show/NCT04397796,1,45
145,https://ClinicalTrials.gov/show/NCT03633565,1,45
146,https://ClinicalTrials.gov/show/NCT04328714,1,45
147,https://ClinicalTrials.gov/show/NCT03172117,1,45
148,https://ClinicalTrials.gov/show/NCT04453111,1,45
149,https://ClinicalTrials.gov/show/NCT04506073,1,45
150,https://ClinicalTrials.gov/show/NCT03362424,1,44
151,https://ClinicalTrials.gov/show/NCT01374854,1,44
152,https://ClinicalTrials.gov/show/NCT05512988,1,44
153,https://ClinicalTrials.gov/show/NCT03414697,1,44
154,https://ClinicalTrials.gov/show/NCT03437759,1,44
155,https://ClinicalTrials.gov/show/NCT04919135,1,44
156,https://ClinicalTrials.gov/show/NCT04421274,1,43
157,https://ClinicalTrials.gov/show/NCT03968198,1,43
158,https://ClinicalTrials.gov/show/NCT03505034,1,43
159,https://ClinicalTrials.gov/show/NCT03325504,1,46
160,https://ClinicalTrials.gov/show/NCT03166189,1,46
161,https://ClinicalTrials.gov/show/NCT02509156,1,46
162,https://ClinicalTrials.gov/show/NCT02585622,1,48
163,https://ClinicalTrials.gov/show/NCT02672267,1,50
164,https://ClinicalTrials.gov/show/NCT01461720,1,50
165,https://ClinicalTrials.gov/show/NCT03423732,1,50
166,https://ClinicalTrials.gov/show/NCT01854567,1,49
167,https://ClinicalTrials.gov/show/NCT00361049,1,49
168,https://ClinicalTrials.gov/show/NCT04230902,1,48
169,https://ClinicalTrials.gov/show/NCT02017912,1,48
170,https://ClinicalTrials.gov/show/NCT02917291,1,48
171,https://ClinicalTrials.gov/show/NCT05292625,1,48
172,https://ClinicalTrials.gov/show/NCT03865394,1,46
173,https://ClinicalTrials.gov/show/NCT04273646,1,48
174,https://ClinicalTrials.gov/show/NCT04753476,1,48
175,https://ClinicalTrials.gov/show/NCT01851070,1,48
176,https://ClinicalTrials.gov/show/NCT02166021,1,48
177,https://ClinicalTrials.gov/show/NCT04869397,1,48
178,https://ClinicalTrials.gov/show/NCT04333368,1,47
179,https://ClinicalTrials.gov/show/NCT02032446,1,47
180,https://ClinicalTrials.gov/show/NCT03298763,1,46
181,https://ClinicalTrials.gov/show/NCT03014037,1,35
182,https://ClinicalTrials.gov/show/NCT04018729,1,34
183,https://ClinicalTrials.gov/show/NCT04522869,1,34
184,https://ClinicalTrials.gov/show/NCT02352077,1,30
185,https://ClinicalTrials.gov/show/NCT02857010,1,30
186,https://ClinicalTrials.gov/show/NCT03137979,1,30
187,https://ClinicalTrials.gov/show/NCT03458156,1,30
188,https://ClinicalTrials.gov/show/NCT01843387,1,30
189,https://ClinicalTrials.gov/show/NCT01771679,1,29
190,https://ClinicalTrials.gov/show/NCT02855073,1,28
191,https://ClinicalTrials.gov/show/NCT02846883,1,28
192,https://ClinicalTrials.gov/show/NCT03608631,1,28
193,https://ClinicalTrials.gov/show/NCT02338375,1,28
194,https://ClinicalTrials.gov/show/NCT02917681,1,28
195,https://ClinicalTrials.gov/show/NCT03265808,1,28
196,https://ClinicalTrials.gov/show/NCT03877471,1,28
197,https://ClinicalTrials.gov/show/NCT02674399,1,28
198,https://ClinicalTrials.gov/show/NCT04834609,1,27
199,https://ClinicalTrials.gov/show/NCT04434794,1,27
200,https://ClinicalTrials.gov/show/NCT00911365,1,27
201,https://ClinicalTrials.gov/show/NCT00629096,1,27
202,https://ClinicalTrials.gov/show/NCT04213248,1,27
203,https://ClinicalTrials.gov/show/NCT01609283,1,27
204,https://ClinicalTrials.gov/show/NCT01854125,1,30
205,https://ClinicalTrials.gov/show/NCT02672280,1,30
206,https://ClinicalTrials.gov/show/NCT04491240,1,30
207,https://ClinicalTrials.gov/show/NCT03873506,1,30
208,https://ClinicalTrials.gov/show/NCT04314011,1,30
209,https://ClinicalTrials.gov/show/NCT04918706,1,30
210,https://ClinicalTrials.gov/show/NCT04776239,1,30
211,https://ClinicalTrials.gov/show/NCT05207995,1,30
212,https://ClinicalTrials.gov/show/NCT03343782,1,30
213,https://ClinicalTrials.gov/show/NCT02767817,1,30
214,https://ClinicalTrials.gov/show/NCT01714167,1,30
215,https://ClinicalTrials.gov/show/NCT02315027,1,30
216,https://ClinicalTrials.gov/show/NCT04714801,1,30
217,https://ClinicalTrials.gov/show/NCT03296501,1,30
218,https://ClinicalTrials.gov/show/NCT05283317,1,30
219,https://ClinicalTrials.gov/show/NCT02688049,1,30
220,https://ClinicalTrials.gov/show/NCT02491658,1,30
221,https://ClinicalTrials.gov/show/NCT05508191,1,30
222,https://ClinicalTrials.gov/show/NCT03449082,1,30
223,https://ClinicalTrials.gov/show/NCT01754454,1,30
224,https://ClinicalTrials.gov/show/NCT01038596,1,30
225,https://ClinicalTrials.gov/show/NCT02755376,1,30
226,https://ClinicalTrials.gov/show/NCT01056471,1,30
227,https://ClinicalTrials.gov/show/NCT03254758,1,27
228,https://ClinicalTrials.gov/show/NCT03226015,1,27
229,https://ClinicalTrials.gov/show/NCT01562002,1,27
230,https://ClinicalTrials.gov/show/NCT02065167,1,26
231,https://ClinicalTrials.gov/show/NCT01860417,1,25
232,https://ClinicalTrials.gov/show/NCT04484402,1,25
233,https://ClinicalTrials.gov/show/NCT04939337,1,24
234,https://ClinicalTrials.gov/show/NCT04063215,1,24
235,https://ClinicalTrials.gov/show/NCT04928287,1,24
236,https://ClinicalTrials.gov/show/NCT04670302,1,24
237,https://ClinicalTrials.gov/show/NCT00250302,1,24
238,https://ClinicalTrials.gov/show/NCT04223622,1,24
239,https://ClinicalTrials.gov/show/NCT00813969,1,24
240,https://ClinicalTrials.gov/show/NCT04136743,1,24
241,https://ClinicalTrials.gov/show/NCT04240873,1,24
242,https://ClinicalTrials.gov/show/NCT04548583,1,24
243,https://ClinicalTrials.gov/show/NCT04276987,1,24
244,https://ClinicalTrials.gov/show/NCT05495711,1,24
245,https://ClinicalTrials.gov/show/NCT03478215,1,24
246,https://ClinicalTrials.gov/show/NCT04326959,1,24
247,https://ClinicalTrials.gov/show/NCT01143168,1,24
248,https://ClinicalTrials.gov/show/NCT00781872,1,24
249,https://ClinicalTrials.gov/show/NCT02805855,1,24
250,https://ClinicalTrials.gov/show/NCT01351610,1,25
251,https://ClinicalTrials.gov/show/NCT01931007,1,25
252,https://ClinicalTrials.gov/show/NCT04310852,1,25
253,https://ClinicalTrials.gov/show/NCT03096782,1,25
254,https://ClinicalTrials.gov/show/NCT03828123,1,26
255,https://ClinicalTrials.gov/show/NCT03000712,1,26
256,https://ClinicalTrials.gov/show/NCT03608592,1,26
257,https://ClinicalTrials.gov/show/NCT04289194,1,26
258,https://ClinicalTrials.gov/show/NCT01745783,1,26
259,https://ClinicalTrials.gov/show/NCT04366323,1,26
260,https://ClinicalTrials.gov/show/NCT02313415,1,26
261,https://ClinicalTrials.gov/show/NCT05165017,1,26
262,https://ClinicalTrials.gov/show/NCT02034786,1,25
263,https://ClinicalTrials.gov/show/NCT03672825,1,25
264,https://ClinicalTrials.gov/show/NCT01824121,1,25
265,https://ClinicalTrials.gov/show/NCT00891501,1,25
266,https://ClinicalTrials.gov/show/NCT01499459,1,25
267,https://ClinicalTrials.gov/show/NCT00555828,1,25
268,https://ClinicalTrials.gov/show/NCT00314483,1,25
269,https://ClinicalTrials.gov/show/NCT01539902,1,25
270,https://ClinicalTrials.gov/show/NCT05167188,1,25
271,https://ClinicalTrials.gov/show/NCT03790189,1,25
272,https://ClinicalTrials.gov/show/NCT03522545,1,30
273,https://ClinicalTrials.gov/show/NCT03346967,1,30
274,https://ClinicalTrials.gov/show/NCT02648386,1,34
275,https://ClinicalTrials.gov/show/NCT05280002,1,30
276,https://ClinicalTrials.gov/show/NCT04461925,1,30
277,https://ClinicalTrials.gov/show/NCT05106972,1,30
278,https://ClinicalTrials.gov/show/NCT04339660,1,30
279,https://ClinicalTrials.gov/show/NCT01399749,1,30
280,https://ClinicalTrials.gov/show/NCT03460795,1,30
281,https://ClinicalTrials.gov/show/NCT03955497,1,30
282,https://ClinicalTrials.gov/show/NCT04863183,1,30
283,https://ClinicalTrials.gov/show/NCT04390139,1,30
284,https://ClinicalTrials.gov/show/NCT03876197,1,30
285,https://ClinicalTrials.gov/show/NCT02442037,1,30
286,https://ClinicalTrials.gov/show/NCT04235868,1,30
287,https://ClinicalTrials.gov/show/NCT03325322,1,30
288,https://ClinicalTrials.gov/show/NCT02881489,1,30
289,https://ClinicalTrials.gov/show/NCT04308213,1,30
290,https://ClinicalTrials.gov/show/NCT04235296,1,30
291,https://ClinicalTrials.gov/show/NCT04625738,1,30
292,https://ClinicalTrials.gov/show/NCT01129739,1,30
293,https://ClinicalTrials.gov/show/NCT02494752,1,30
294,https://ClinicalTrials.gov/show/NCT04524962,1,30
295,https://ClinicalTrials.gov/show/NCT02513238,1,30
296,https://ClinicalTrials.gov/show/NCT01547689,1,30
297,https://ClinicalTrials.gov/show/NCT03460223,1,30
298,https://ClinicalTrials.gov/show/NCT05465096,1,30
299,https://ClinicalTrials.gov/show/NCT04269941,1,34
300,https://ClinicalTrials.gov/show/NCT01257776,1,33
301,https://ClinicalTrials.gov/show/NCT01745744,1,33
302,https://ClinicalTrials.gov/show/NCT02600130,1,33
303,https://ClinicalTrials.gov/show/NCT03686449,1,33
304,https://ClinicalTrials.gov/show/NCT03618784,1,33
305,https://ClinicalTrials.gov/show/NCT02328612,1,32
306,https://ClinicalTrials.gov/show/NCT03258164,1,32
307,https://ClinicalTrials.gov/show/NCT00136903,1,32
308,https://ClinicalTrials.gov/show/NCT01033552,1,32
309,https://ClinicalTrials.gov/show/NCT04382547,1,32
310,https://ClinicalTrials.gov/show/NCT04224207,1,32
311,https://ClinicalTrials.gov/show/NCT02958267,1,32
312,https://ClinicalTrials.gov/show/NCT03939741,1,31
313,https://ClinicalTrials.gov/show/NCT00260338,1,31
314,https://ClinicalTrials.gov/show/NCT01087996,1,31
315,https://ClinicalTrials.gov/show/NCT03257098,1,31
316,https://ClinicalTrials.gov/show/NCT00875654,1,31
317,https://ClinicalTrials.gov/show/NCT02239393,1,31
318,https://ClinicalTrials.gov/show/NCT03291366,1,30
319,https://ClinicalTrials.gov/show/NCT02698813,1,30
320,https://ClinicalTrials.gov/show/NCT01549665,1,30
321,https://ClinicalTrials.gov/show/NCT02123368,1,30
322,https://ClinicalTrials.gov/show/NCT01586312,1,30
323,https://ClinicalTrials.gov/show/NCT01739777,1,30
324,https://ClinicalTrials.gov/show/NCT03943576,1,30
325,https://ClinicalTrials.gov/show/NCT05018637,1,30
326,https://ClinicalTrials.gov/show/NCT02881476,1,30
327,https://ClinicalTrials.gov/show/NCT00646724,1,30
328,https://ClinicalTrials.gov/show/NCT04951882,1,30
329,https://ClinicalTrials.gov/show/NCT04898088,1,30
330,https://ClinicalTrials.gov/show/NCT02287831,1,30
331,https://ClinicalTrials.gov/show/NCT02763423,1,30
332,https://ClinicalTrials.gov/show/NCT01849237,1,30
333,https://ClinicalTrials.gov/show/NCT01494480,1,30
334,https://ClinicalTrials.gov/show/NCT01694927,1,30
335,https://ClinicalTrials.gov/show/NCT00420134,1,30
336,https://ClinicalTrials.gov/show/NCT03840343,1,30
337,https://ClinicalTrials.gov/show/NCT05125562,1,30
338,https://ClinicalTrials.gov/show/NCT03994666,1,30
339,https://ClinicalTrials.gov/show/NCT00504803,1,30
340,https://ClinicalTrials.gov/show/NCT03183648,1,30
341,https://ClinicalTrials.gov/show/NCT01413035,1,30
342,https://ClinicalTrials.gov/show/NCT01219452,1,30
343,https://ClinicalTrials.gov/show/NCT05017298,1,30
344,https://ClinicalTrials.gov/show/NCT05261360,1,30
345,https://ClinicalTrials.gov/show/NCT02745808,1,30
346,https://ClinicalTrials.gov/show/NCT01759823,1,30
347,https://ClinicalTrials.gov/show/NCT04956744,1,30
348,https://ClinicalTrials.gov/show/NCT04392778,1,30
349,https://ClinicalTrials.gov/show/NCT04441658,1,30
350,https://ClinicalTrials.gov/show/NCT02013674,1,30
351,https://ClinicalTrials.gov/show/NCT01182662,1,30
352,https://ClinicalTrials.gov/show/NCT05243368,1,30
353,https://ClinicalTrials.gov/show/NCT04429763,1,30
354,https://ClinicalTrials.gov/show/NCT03180463,1,30
355,https://ClinicalTrials.gov/show/NCT01842477,1,30
356,https://ClinicalTrials.gov/show/NCT02646007,1,30
357,https://ClinicalTrials.gov/show/NCT01065337,1,30
358,https://ClinicalTrials.gov/show/NCT03920397,1,30
359,https://ClinicalTrials.gov/show/NCT02580695,1,30
360,https://ClinicalTrials.gov/show/NCT04280003,1,30
361,https://ClinicalTrials.gov/show/NCT02449005,1,30
362,https://ClinicalTrials.gov/show/NCT02848131,1,30
363,https://ClinicalTrials.gov/show/NCT02162693,1,53
364,https://ClinicalTrials.gov/show/NCT04362189,1,53
365,https://ClinicalTrials.gov/show/NCT04341610,1,0
366,https://ClinicalTrials.gov/show/NCT05329662,1,130
367,https://ClinicalTrials.gov/show/NCT04738981,1,130
368,https://ClinicalTrials.gov/show/NCT04427930,1,129
369,https://ClinicalTrials.gov/show/NCT03042143,1,129
370,https://ClinicalTrials.gov/show/NCT02501811,1,125
371,https://ClinicalTrials.gov/show/NCT03047772,1,124
372,https://ClinicalTrials.gov/show/NCT04776538,1,120
373,https://ClinicalTrials.gov/show/NCT05086939,1,120
374,https://ClinicalTrials.gov/show/NCT02083731,1,120
375,https://ClinicalTrials.gov/show/NCT02563366,1,120
376,https://ClinicalTrials.gov/show/NCT05288725,1,120
377,https://ClinicalTrials.gov/show/NCT02968459,1,120
378,https://ClinicalTrials.gov/show/NCT02561767,1,120
379,https://ClinicalTrials.gov/show/NCT03818854,1,120
380,https://ClinicalTrials.gov/show/NCT02763748,1,120
381,https://ClinicalTrials.gov/show/NCT04247945,1,120
382,https://ClinicalTrials.gov/show/NCT02083718,1,120
383,https://ClinicalTrials.gov/show/NCT01709656,1,120
384,https://ClinicalTrials.gov/show/NCT02492308,1,120
385,https://ClinicalTrials.gov/show/NCT02240992,1,120
386,https://ClinicalTrials.gov/show/NCT02291770,1,130
387,https://ClinicalTrials.gov/show/NCT05413148,1,135
388,https://ClinicalTrials.gov/show/NCT03397095,1,120
389,https://ClinicalTrials.gov/show/NCT04476901,1,136
390,https://ClinicalTrials.gov/show/NCT00658073,1,165
391,https://ClinicalTrials.gov/show/NCT03370874,1,164
392,https://ClinicalTrials.gov/show/NCT04089579,1,164
393,https://ClinicalTrials.gov/show/NCT02368587,1,160
394,https://ClinicalTrials.gov/show/NCT01291329,1,160
395,https://ClinicalTrials.gov/show/NCT03838146,1,160
396,https://ClinicalTrials.gov/show/NCT00956891,1,158
397,https://ClinicalTrials.gov/show/NCT05345418,1,158
398,https://ClinicalTrials.gov/show/NCT01602328,1,156
399,https://ClinicalTrials.gov/show/NCT04692376,1,152
400,https://ClinicalTrials.gov/show/NCT05210309,1,150
401,https://ClinicalTrials.gov/show/NCT04297813,1,150
402,https://ClinicalTrials.gov/show/NCT03169231,1,150
403,https://ClinicalTrials.gov/show/NCT01926327,1,150
404,https://ClinicalTrials.gov/show/NCT03233074,1,150
405,https://ClinicalTrials.gov/show/NCT03668145,1,140
406,https://ClinicalTrials.gov/show/NCT04368806,1,140
407,https://ClinicalTrials.gov/show/NCT05484856,1,140
408,https://ClinicalTrials.gov/show/NCT01413061,1,140
409,https://ClinicalTrials.gov/show/NCT04093336,1,120
410,https://ClinicalTrials.gov/show/NCT02492490,1,120
411,https://ClinicalTrials.gov/show/NCT04865107,1,54
412,https://ClinicalTrials.gov/show/NCT02481440,1,102
413,https://ClinicalTrials.gov/show/NCT02448121,1,100
414,https://ClinicalTrials.gov/show/NCT02025270,1,100
415,https://ClinicalTrials.gov/show/NCT03237442,1,100
416,https://ClinicalTrials.gov/show/NCT04990128,1,100
417,https://ClinicalTrials.gov/show/NCT03378063,1,100
418,https://ClinicalTrials.gov/show/NCT04348461,1,100
419,https://ClinicalTrials.gov/show/NCT02484950,1,100
420,https://ClinicalTrials.gov/show/NCT01526850,1,100
421,https://ClinicalTrials.gov/show/NCT02247973,1,100
422,https://ClinicalTrials.gov/show/NCT04482413,1,100
423,https://ClinicalTrials.gov/show/NCT01984450,1,100
424,https://ClinicalTrials.gov/show/NCT03887208,1,100
425,https://ClinicalTrials.gov/show/NCT03067870,1,100
426,https://ClinicalTrials.gov/show/NCT04520945,1,100
427,https://ClinicalTrials.gov/show/NCT03321942,1,100
428,https://ClinicalTrials.gov/show/NCT01662973,1,100
429,https://ClinicalTrials.gov/show/NCT01290367,1,100
430,https://ClinicalTrials.gov/show/NCT03869229,1,100
431,https://ClinicalTrials.gov/show/NCT03123458,1,100
432,https://ClinicalTrials.gov/show/NCT03866330,1,100
433,https://ClinicalTrials.gov/show/NCT04310215,1,102
434,https://ClinicalTrials.gov/show/NCT04493242,1,120
435,https://ClinicalTrials.gov/show/NCT02302599,1,103
436,https://ClinicalTrials.gov/show/NCT01724398,1,120
437,https://ClinicalTrials.gov/show/NCT01322906,1,120
438,https://ClinicalTrials.gov/show/NCT02854579,1,120
439,https://ClinicalTrials.gov/show/NCT02966717,1,116
440,https://ClinicalTrials.gov/show/NCT04745299,1,115
441,https://ClinicalTrials.gov/show/NCT03418233,1,115
442,https://ClinicalTrials.gov/show/NCT03369275,1,114
443,https://ClinicalTrials.gov/show/NCT02372474,1,112
444,https://ClinicalTrials.gov/show/NCT04219657,1,110
445,https://ClinicalTrials.gov/show/NCT00629018,1,110
446,https://ClinicalTrials.gov/show/NCT03795974,1,108
447,https://ClinicalTrials.gov/show/NCT04208646,1,108
448,https://ClinicalTrials.gov/show/NCT05131412,1,107
449,https://ClinicalTrials.gov/show/NCT01781390,1,106
450,https://ClinicalTrials.gov/show/NCT04735185,1,106
451,https://ClinicalTrials.gov/show/NCT00988338,1,106
452,https://ClinicalTrials.gov/show/NCT03404063,1,105
453,https://ClinicalTrials.gov/show/NCT01041001,1,104
454,https://ClinicalTrials.gov/show/NCT01626677,1,103
455,https://ClinicalTrials.gov/show/NCT04602104,1,169
456,https://ClinicalTrials.gov/show/NCT03645525,1,180
457,https://ClinicalTrials.gov/show/NCT05531266,1,182
458,https://ClinicalTrials.gov/show/NCT01510431,1,0
459,https://ClinicalTrials.gov/show/NCT00759018,1,0
460,https://ClinicalTrials.gov/show/NCT04684602,1,5000
461,https://ClinicalTrials.gov/show/NCT05080465,1,700
462,https://ClinicalTrials.gov/show/NCT04492501,1,600
463,https://ClinicalTrials.gov/show/NCT02032004,1,566
464,https://ClinicalTrials.gov/show/NCT03011541,1,500
465,https://ClinicalTrials.gov/show/NCT03818737,1,480
466,https://ClinicalTrials.gov/show/NCT05354141,1,400
467,https://ClinicalTrials.gov/show/NCT00482092,1,330
468,https://ClinicalTrials.gov/show/NCT01573923,1,320
469,https://ClinicalTrials.gov/show/NCT03033277,1,320
470,https://ClinicalTrials.gov/show/NCT01768702,1,315
471,https://ClinicalTrials.gov/show/NCT02964143,1,306
472,https://ClinicalTrials.gov/show/NCT03918655,1,300
473,https://ClinicalTrials.gov/show/NCT05497401,1,300
474,https://ClinicalTrials.gov/show/NCT01920867,1,300
475,https://ClinicalTrials.gov/show/NCT04551456,1,300
476,https://ClinicalTrials.gov/show/NCT03909139,1,300
477,https://ClinicalTrials.gov/show/NCT04448106,1,300
478,https://ClinicalTrials.gov/show/NCT00826046,1,0
479,https://ClinicalTrials.gov/show/NCT03822858,1,0
480,https://ClinicalTrials.gov/show/NCT00562497,1,192
481,https://ClinicalTrials.gov/show/NCT03925649,1,0
482,https://ClinicalTrials.gov/show/NCT05522569,1,0
483,https://ClinicalTrials.gov/show/NCT05154851,1,0
484,https://ClinicalTrials.gov/show/NCT04855955,1,0
485,https://ClinicalTrials.gov/show/NCT04825626,1,0
486,https://ClinicalTrials.gov/show/NCT04825613,1,0
487,https://ClinicalTrials.gov/show/NCT04798066,1,0
488,https://ClinicalTrials.gov/show/NCT04772378,1,0
489,https://ClinicalTrials.gov/show/NCT04711811,1,0
490,https://ClinicalTrials.gov/show/NCT04681118,1,0
491,https://ClinicalTrials.gov/show/NCT04657458,1,0
492,https://ClinicalTrials.gov/show/NCT04604288,1,0
493,https://ClinicalTrials.gov/show/NCT04514952,1,0
494,https://ClinicalTrials.gov/show/NCT04456439,1,0
495,https://ClinicalTrials.gov/show/NCT04432545,1,0
496,https://ClinicalTrials.gov/show/NCT04366830,1,0
497,https://ClinicalTrials.gov/show/NCT04087889,1,0
498,https://ClinicalTrials.gov/show/NCT04064983,1,0
499,https://ClinicalTrials.gov/show/NCT04064957,1,0
500,https://ClinicalTrials.gov/show/NCT04029896,1,0
501,https://ClinicalTrials.gov/show/NCT04143048,1,300
502,https://ClinicalTrials.gov/show/NCT01929434,1,300
503,https://ClinicalTrials.gov/show/NCT01873547,1,300
504,https://ClinicalTrials.gov/show/NCT01380847,1,300
505,https://ClinicalTrials.gov/show/NCT04629833,1,210
506,https://ClinicalTrials.gov/show/NCT01844063,1,210
507,https://ClinicalTrials.gov/show/NCT03683953,1,200
508,https://ClinicalTrials.gov/show/NCT04428801,1,200
509,https://ClinicalTrials.gov/show/NCT04811651,1,200
510,https://ClinicalTrials.gov/show/NCT03209986,1,200
511,https://ClinicalTrials.gov/show/NCT02241018,1,200
512,https://ClinicalTrials.gov/show/NCT04551443,1,200
513,https://ClinicalTrials.gov/show/NCT01233102,1,200
514,https://ClinicalTrials.gov/show/NCT04689152,1,200
515,https://ClinicalTrials.gov/show/NCT03279796,1,200
516,https://ClinicalTrials.gov/show/NCT04971161,1,200
517,https://ClinicalTrials.gov/show/NCT03945487,1,200
518,https://ClinicalTrials.gov/show/NCT03668171,1,200
519,https://ClinicalTrials.gov/show/NCT01547091,1,200
520,https://ClinicalTrials.gov/show/NCT05081921,1,200
521,https://ClinicalTrials.gov/show/NCT02504437,1,200
522,https://ClinicalTrials.gov/show/NCT03562715,1,200
523,https://ClinicalTrials.gov/show/NCT05187936,1,200
524,https://ClinicalTrials.gov/show/NCT00877903,1,220
525,https://ClinicalTrials.gov/show/NCT04371393,1,223
526,https://ClinicalTrials.gov/show/NCT03580291,1,230
527,https://ClinicalTrials.gov/show/NCT04953572,1,252
528,https://ClinicalTrials.gov/show/NCT01541579,1,278
529,https://ClinicalTrials.gov/show/NCT01220492,1,266
530,https://ClinicalTrials.gov/show/NCT03280056,1,263
531,https://ClinicalTrials.gov/show/NCT02812121,1,261
532,https://ClinicalTrials.gov/show/NCT03990805,1,260
533,https://ClinicalTrials.gov/show/NCT00366145,1,260
534,https://ClinicalTrials.gov/show/NCT02490020,1,260
535,https://ClinicalTrials.gov/show/NCT03529136,1,252
536,https://ClinicalTrials.gov/show/NCT03798028,1,250
537,https://ClinicalTrials.gov/show/NCT05224960,1,240
538,https://ClinicalTrials.gov/show/NCT02809781,1,250
539,https://ClinicalTrials.gov/show/NCT04104412,1,242
540,https://ClinicalTrials.gov/show/NCT05447767,1,240
541,https://ClinicalTrials.gov/show/NCT05121870,1,240
542,https://ClinicalTrials.gov/show/NCT01728727,1,240
543,https://ClinicalTrials.gov/show/NCT02834858,1,240
544,https://ClinicalTrials.gov/show/NCT05043610,1,240
545,https://ClinicalTrials.gov/show/NCT02796079,1,240
546,https://ClinicalTrials.gov/show/NCT04288102,1,100
547,https://ClinicalTrials.gov/show/NCT02838069,1,100
548,https://ClinicalTrials.gov/show/NCT04650568,1,100
549,https://ClinicalTrials.gov/show/NCT04847739,1,60
550,https://ClinicalTrials.gov/show/NCT03248466,1,60
551,https://ClinicalTrials.gov/show/NCT03901235,1,60
552,https://ClinicalTrials.gov/show/NCT04544215,1,60
553,https://ClinicalTrials.gov/show/NCT02543073,1,60
554,https://ClinicalTrials.gov/show/NCT00790764,1,60
555,https://ClinicalTrials.gov/show/NCT02448849,1,60
556,https://ClinicalTrials.gov/show/NCT03042572,1,60
557,https://ClinicalTrials.gov/show/NCT01763086,1,60
558,https://ClinicalTrials.gov/show/NCT04325594,1,60
559,https://ClinicalTrials.gov/show/NCT01763099,1,60
560,https://ClinicalTrials.gov/show/NCT03337243,1,60
561,https://ClinicalTrials.gov/show/NCT01873625,1,60
562,https://ClinicalTrials.gov/show/NCT02941666,1,60
563,https://ClinicalTrials.gov/show/NCT04061746,1,60
564,https://ClinicalTrials.gov/show/NCT03166865,1,60
565,https://ClinicalTrials.gov/show/NCT02145897,1,60
566,https://ClinicalTrials.gov/show/NCT04003857,1,60
567,https://ClinicalTrials.gov/show/NCT02563340,1,60
568,https://ClinicalTrials.gov/show/NCT05276895,1,60
569,https://ClinicalTrials.gov/show/NCT02097641,1,60
570,https://ClinicalTrials.gov/show/NCT03969680,1,60
571,https://ClinicalTrials.gov/show/NCT02982915,1,62
572,https://ClinicalTrials.gov/show/NCT05216562,1,60
573,https://ClinicalTrials.gov/show/NCT01897987,1,62
574,https://ClinicalTrials.gov/show/NCT03766217,1,62
575,https://ClinicalTrials.gov/show/NCT01576328,1,61
576,https://ClinicalTrials.gov/show/NCT03326505,1,60
577,https://ClinicalTrials.gov/show/NCT04371601,1,60
578,https://ClinicalTrials.gov/show/NCT03268603,1,60
579,https://ClinicalTrials.gov/show/NCT01393977,1,60
580,https://ClinicalTrials.gov/show/NCT01453738,1,60
581,https://ClinicalTrials.gov/show/NCT04356300,1,60
582,https://ClinicalTrials.gov/show/NCT05000593,1,60
583,https://ClinicalTrials.gov/show/NCT00418418,1,60
584,https://ClinicalTrials.gov/show/NCT01221454,1,60
585,https://ClinicalTrials.gov/show/NCT04992247,1,60
586,https://ClinicalTrials.gov/show/NCT04130100,1,60
587,https://ClinicalTrials.gov/show/NCT05433298,1,60
588,https://ClinicalTrials.gov/show/NCT05167552,1,60
589,https://ClinicalTrials.gov/show/NCT03552848,1,60
590,https://ClinicalTrials.gov/show/NCT02062931,1,60
591,https://ClinicalTrials.gov/show/NCT01409954,1,60
592,https://ClinicalTrials.gov/show/NCT04998461,1,60
593,https://ClinicalTrials.gov/show/NCT04905836,1,60
594,https://ClinicalTrials.gov/show/NCT01716481,1,60
595,https://ClinicalTrials.gov/show/NCT02135380,1,60
596,https://ClinicalTrials.gov/show/NCT02619877,1,59
597,https://ClinicalTrials.gov/show/NCT00644410,1,59
598,https://ClinicalTrials.gov/show/NCT02068794,1,57
599,https://ClinicalTrials.gov/show/NCT03601416,1,57
600,https://ClinicalTrials.gov/show/NCT03424629,1,57
601,https://ClinicalTrials.gov/show/NCT04349631,1,56
602,https://ClinicalTrials.gov/show/NCT02997878,1,56
603,https://ClinicalTrials.gov/show/NCT03754465,1,56
604,https://ClinicalTrials.gov/show/NCT02336230,1,55
605,https://ClinicalTrials.gov/show/NCT04348435,1,55
606,https://ClinicalTrials.gov/show/NCT04798716,1,55
607,https://ClinicalTrials.gov/show/NCT00702741,1,55
608,https://ClinicalTrials.gov/show/NCT04652908,1,55
609,https://ClinicalTrials.gov/show/NCT04351932,1,54
610,https://ClinicalTrials.gov/show/NCT05344157,1,54
611,https://ClinicalTrials.gov/show/NCT04216849,1,54
612,https://ClinicalTrials.gov/show/NCT04170426,1,54
613,https://ClinicalTrials.gov/show/NCT04594850,1,54
614,https://ClinicalTrials.gov/show/NCT03183804,1,54
615,https://ClinicalTrials.gov/show/NCT02497443,1,60
616,https://ClinicalTrials.gov/show/NCT01765660,1,60
617,https://ClinicalTrials.gov/show/NCT04055415,1,60
618,https://ClinicalTrials.gov/show/NCT04953663,1,60
619,https://ClinicalTrials.gov/show/NCT00993941,1,60
620,https://ClinicalTrials.gov/show/NCT05193877,1,60
621,https://ClinicalTrials.gov/show/NCT01649752,1,60
622,https://ClinicalTrials.gov/show/NCT03383081,1,60
623,https://ClinicalTrials.gov/show/NCT01223664,1,60
624,https://ClinicalTrials.gov/show/NCT04366063,1,60
625,https://ClinicalTrials.gov/show/NCT01449032,1,60
626,https://ClinicalTrials.gov/show/NCT03392467,1,60
627,https://ClinicalTrials.gov/show/NCT00721045,1,60
628,https://ClinicalTrials.gov/show/NCT03180450,1,60
629,https://ClinicalTrials.gov/show/NCT00225095,1,60
630,https://ClinicalTrials.gov/show/NCT04995081,1,60
631,https://ClinicalTrials.gov/show/NCT04590118,1,60
632,https://ClinicalTrials.gov/show/NCT03943940,1,60
633,https://ClinicalTrials.gov/show/NCT05116761,1,60
634,https://ClinicalTrials.gov/show/NCT00114452,1,60
635,https://ClinicalTrials.gov/show/NCT03788265,1,60
636,https://ClinicalTrials.gov/show/NCT04212728,1,60
637,https://ClinicalTrials.gov/show/NCT00683722,1,62
638,https://ClinicalTrials.gov/show/NCT00690066,1,63
639,https://ClinicalTrials.gov/show/NCT02529566,1,100
640,https://ClinicalTrials.gov/show/NCT04602442,1,90
641,https://ClinicalTrials.gov/show/NCT04466007,1,90
642,https://ClinicalTrials.gov/show/NCT04034615,1,90
643,https://ClinicalTrials.gov/show/NCT02407470,1,90
644,https://ClinicalTrials.gov/show/NCT04675970,1,86
645,https://ClinicalTrials.gov/show/NCT03521336,1,84
646,https://ClinicalTrials.gov/show/NCT02582775,1,84
647,https://ClinicalTrials.gov/show/NCT03676400,1,84
648,https://ClinicalTrials.gov/show/NCT02709343,1,82
649,https://ClinicalTrials.gov/show/NCT02890537,1,82
650,https://ClinicalTrials.gov/show/NCT02445547,1,82
651,https://ClinicalTrials.gov/show/NCT05127122,1,81
652,https://ClinicalTrials.gov/show/NCT02633163,1,81
653,https://ClinicalTrials.gov/show/NCT04194671,1,80
654,https://ClinicalTrials.gov/show/NCT05126563,1,80
655,https://ClinicalTrials.gov/show/NCT03601234,1,80
656,https://ClinicalTrials.gov/show/NCT01720888,1,80
657,https://ClinicalTrials.gov/show/NCT01157403,1,80
658,https://ClinicalTrials.gov/show/NCT01803347,1,80
659,https://ClinicalTrials.gov/show/NCT03795649,1,80
660,https://ClinicalTrials.gov/show/NCT04281797,1,90
661,https://ClinicalTrials.gov/show/NCT02462330,1,90
662,https://ClinicalTrials.gov/show/NCT04497805,1,64
663,https://ClinicalTrials.gov/show/NCT01652209,1,90
664,https://ClinicalTrials.gov/show/NCT02985346,1,100
665,https://ClinicalTrials.gov/show/NCT04675359,1,100
666,https://ClinicalTrials.gov/show/NCT04074408,1,100
667,https://ClinicalTrials.gov/show/NCT00603330,1,100
668,https://ClinicalTrials.gov/show/NCT04174898,1,100
669,https://ClinicalTrials.gov/show/NCT02853942,1,100
670,https://ClinicalTrials.gov/show/NCT01954147,1,100
671,https://ClinicalTrials.gov/show/NCT01661842,1,100
672,https://ClinicalTrials.gov/show/NCT04903327,1,100
673,https://ClinicalTrials.gov/show/NCT04042844,1,99
674,https://ClinicalTrials.gov/show/NCT00543374,1,98
675,https://ClinicalTrials.gov/show/NCT00498316,1,98
676,https://ClinicalTrials.gov/show/NCT02789995,1,93
677,https://ClinicalTrials.gov/show/NCT03473301,1,91
678,https://ClinicalTrials.gov/show/NCT01484574,1,90
679,https://ClinicalTrials.gov/show/NCT04315987,1,90
680,https://ClinicalTrials.gov/show/NCT05182034,1,90
681,https://ClinicalTrials.gov/show/NCT02772289,1,90
682,https://ClinicalTrials.gov/show/NCT02770430,1,90
683,https://ClinicalTrials.gov/show/NCT01392105,1,80
684,https://ClinicalTrials.gov/show/NCT01603836,1,80
685,https://ClinicalTrials.gov/show/NCT02668068,1,80
686,https://ClinicalTrials.gov/show/NCT05499156,1,80
687,https://ClinicalTrials.gov/show/NCT05027581,1,70
688,https://ClinicalTrials.gov/show/NCT02057965,1,70
689,https://ClinicalTrials.gov/show/NCT02418325,1,69
690,https://ClinicalTrials.gov/show/NCT01828957,1,69
691,https://ClinicalTrials.gov/show/NCT01552707,1,69
692,https://ClinicalTrials.gov/show/NCT02587715,1,69
693,https://ClinicalTrials.gov/show/NCT01529008,1,68
694,https://ClinicalTrials.gov/show/NCT04389450,1,66
695,https://ClinicalTrials.gov/show/NCT03521323,1,66
696,https://ClinicalTrials.gov/show/NCT05308342,1,66
697,https://ClinicalTrials.gov/show/NCT05061030,1,66
698,https://ClinicalTrials.gov/show/NCT02223897,1,66
699,https://ClinicalTrials.gov/show/NCT02883803,1,66
700,https://ClinicalTrials.gov/show/NCT01589549,1,66
701,https://ClinicalTrials.gov/show/NCT04345601,1,66
702,https://ClinicalTrials.gov/show/NCT00768066,1,65
703,https://ClinicalTrials.gov/show/NCT01071577,1,65
704,https://ClinicalTrials.gov/show/NCT02065245,1,65
705,https://ClinicalTrials.gov/show/NCT02666391,1,64
706,https://ClinicalTrials.gov/show/NCT01941394,1,70
707,https://ClinicalTrials.gov/show/NCT01218464,1,70
708,https://ClinicalTrials.gov/show/NCT01957826,1,70
709,https://ClinicalTrials.gov/show/NCT05501418,1,75
710,https://ClinicalTrials.gov/show/NCT00816803,1,80
711,https://ClinicalTrials.gov/show/NCT04274543,1,80
712,https://ClinicalTrials.gov/show/NCT05402748,1,80
713,https://ClinicalTrials.gov/show/NCT04314687,1,78
714,https://ClinicalTrials.gov/show/NCT05167721,1,76
715,https://ClinicalTrials.gov/show/NCT05319106,1,76
716,https://ClinicalTrials.gov/show/NCT03379168,1,75
717,https://ClinicalTrials.gov/show/NCT02286128,1,75
718,https://ClinicalTrials.gov/show/NCT05464381,1,74
719,https://ClinicalTrials.gov/show/NCT04565665,1,70
720,https://ClinicalTrials.gov/show/NCT02808208,1,74
721,https://ClinicalTrials.gov/show/NCT01233960,1,73
722,https://ClinicalTrials.gov/show/NCT01875081,1,72
723,https://ClinicalTrials.gov/show/NCT01213186,1,72
724,https://ClinicalTrials.gov/show/NCT02962661,1,72
725,https://ClinicalTrials.gov/show/NCT01448434,1,72
726,https://ClinicalTrials.gov/show/NCT03905824,1,70
727,https://ClinicalTrials.gov/show/NCT04629105,1,70
728,https://ClinicalTrials.gov/show/NCT02298023,1,24
729,https://ClinicalTrials.gov/show/NCT04744116,1,24
730,https://ClinicalTrials.gov/show/NCT01557543,1,24
731,https://ClinicalTrials.gov/show/NCT02566655,1,10
732,https://ClinicalTrials.gov/show/NCT02344849,1,10
733,https://ClinicalTrials.gov/show/NCT03570333,1,10
734,https://ClinicalTrials.gov/show/NCT03219801,1,10
735,https://ClinicalTrials.gov/show/NCT02966951,1,10
736,https://ClinicalTrials.gov/show/NCT04467047,1,10
737,https://ClinicalTrials.gov/show/NCT02215811,1,10
738,https://ClinicalTrials.gov/show/NCT01378182,1,10
739,https://ClinicalTrials.gov/show/NCT02779374,1,10
740,https://ClinicalTrials.gov/show/NCT01775774,1,9
741,https://ClinicalTrials.gov/show/NCT01297205,1,9
742,https://ClinicalTrials.gov/show/NCT05094011,1,9
743,https://ClinicalTrials.gov/show/NCT04342325,1,9
744,https://ClinicalTrials.gov/show/NCT03357770,1,9
745,https://ClinicalTrials.gov/show/NCT03371329,1,9
746,https://ClinicalTrials.gov/show/NCT02482194,1,9
747,https://ClinicalTrials.gov/show/NCT04896853,1,9
748,https://ClinicalTrials.gov/show/NCT01297972,1,9
749,https://ClinicalTrials.gov/show/NCT03358654,1,9
750,https://ClinicalTrials.gov/show/NCT02421484,1,9
751,https://ClinicalTrials.gov/show/NCT05042206,1,10
752,https://ClinicalTrials.gov/show/NCT03874572,1,10
753,https://ClinicalTrials.gov/show/NCT05491681,1,9
754,https://ClinicalTrials.gov/show/NCT00221130,1,10
755,https://ClinicalTrials.gov/show/NCT01322789,1,10
756,https://ClinicalTrials.gov/show/NCT02285673,1,10
757,https://ClinicalTrials.gov/show/NCT04446897,1,10
758,https://ClinicalTrials.gov/show/NCT02396056,1,10
759,https://ClinicalTrials.gov/show/NCT02570932,1,10
760,https://ClinicalTrials.gov/show/NCT04499105,1,10
761,https://ClinicalTrials.gov/show/NCT04173650,1,10
762,https://ClinicalTrials.gov/show/NCT03933995,1,10
763,https://ClinicalTrials.gov/show/NCT02323789,1,10
764,https://ClinicalTrials.gov/show/NCT02387151,1,10
765,https://ClinicalTrials.gov/show/NCT03838250,1,10
766,https://ClinicalTrials.gov/show/NCT03555357,1,10
767,https://ClinicalTrials.gov/show/NCT02403232,1,10
768,https://ClinicalTrials.gov/show/NCT03929120,1,10
769,https://ClinicalTrials.gov/show/NCT01420432,1,10
770,https://ClinicalTrials.gov/show/NCT03003364,1,10
771,https://ClinicalTrials.gov/show/NCT02057211,1,10
772,https://ClinicalTrials.gov/show/NCT01895413,1,10
773,https://ClinicalTrials.gov/show/NCT02855112,1,10
774,https://ClinicalTrials.gov/show/NCT02918123,1,9
775,https://ClinicalTrials.gov/show/NCT00705120,1,9
776,https://ClinicalTrials.gov/show/NCT03015623,1,24
777,https://ClinicalTrials.gov/show/NCT05162326,1,9
778,https://ClinicalTrials.gov/show/NCT00587990,1,9
779,https://ClinicalTrials.gov/show/NCT04971980,1,9
780,https://ClinicalTrials.gov/show/NCT01228266,1,9
781,https://ClinicalTrials.gov/show/NCT03800810,1,9
782,https://ClinicalTrials.gov/show/NCT03631420,1,9
783,https://ClinicalTrials.gov/show/NCT01914887,1,8
784,https://ClinicalTrials.gov/show/NCT00186914,1,8
785,https://ClinicalTrials.gov/show/NCT01061879,1,8
786,https://ClinicalTrials.gov/show/NCT02398370,1,8
787,https://ClinicalTrials.gov/show/NCT02495766,1,8
788,https://ClinicalTrials.gov/show/NCT02622464,1,8
789,https://ClinicalTrials.gov/show/NCT01993368,1,8
790,https://ClinicalTrials.gov/show/NCT04275024,1,8
791,https://ClinicalTrials.gov/show/NCT03682315,1,8
792,https://ClinicalTrials.gov/show/NCT01771640,1,8
793,https://ClinicalTrials.gov/show/NCT03392311,1,8
794,https://ClinicalTrials.gov/show/NCT04495582,1,8
795,https://ClinicalTrials.gov/show/NCT03855631,1,8
796,https://ClinicalTrials.gov/show/NCT01532076,1,8
797,https://ClinicalTrials.gov/show/NCT04097652,1,9
798,https://ClinicalTrials.gov/show/NCT02274428,1,9
799,https://ClinicalTrials.gov/show/NCT03751735,1,9
800,https://ClinicalTrials.gov/show/NCT04466098,1,9
801,https://ClinicalTrials.gov/show/NCT01632475,1,9
802,https://ClinicalTrials.gov/show/NCT02307435,1,9
803,https://ClinicalTrials.gov/show/NCT02580617,1,9
804,https://ClinicalTrials.gov/show/NCT04535856,1,9
805,https://ClinicalTrials.gov/show/NCT02035514,1,9
806,https://ClinicalTrials.gov/show/NCT04255147,1,9
807,https://ClinicalTrials.gov/show/NCT04206007,1,9
808,https://ClinicalTrials.gov/show/NCT03838666,1,9
809,https://ClinicalTrials.gov/show/NCT05227846,1,9
810,https://ClinicalTrials.gov/show/NCT04456361,1,9
811,https://ClinicalTrials.gov/show/NCT01297218,1,9
812,https://ClinicalTrials.gov/show/NCT02945449,1,9
813,https://ClinicalTrials.gov/show/NCT04954534,1,9
814,https://ClinicalTrials.gov/show/NCT04153630,1,9
815,https://ClinicalTrials.gov/show/NCT03265444,1,9
816,https://ClinicalTrials.gov/show/NCT03183661,1,9
817,https://ClinicalTrials.gov/show/NCT04388982,1,9
818,https://ClinicalTrials.gov/show/NCT02603744,1,9
819,https://ClinicalTrials.gov/show/NCT02013700,1,9
820,https://ClinicalTrials.gov/show/NCT01824069,1,10
821,https://ClinicalTrials.gov/show/NCT03743155,1,10
822,https://ClinicalTrials.gov/show/NCT02387723,1,10
823,https://ClinicalTrials.gov/show/NCT03525418,1,10
824,https://ClinicalTrials.gov/show/NCT01626625,1,10
825,https://ClinicalTrials.gov/show/NCT02790762,1,10
826,https://ClinicalTrials.gov/show/NCT02045745,1,10
827,https://ClinicalTrials.gov/show/NCT04527224,1,10
828,https://ClinicalTrials.gov/show/NCT03645460,1,10
829,https://ClinicalTrials.gov/show/NCT03158896,1,10
830,https://ClinicalTrials.gov/show/NCT04815213,1,10
831,https://ClinicalTrials.gov/show/NCT02566681,1,10
832,https://ClinicalTrials.gov/show/NCT02443961,1,10
833,https://ClinicalTrials.gov/show/NCT01207869,1,10
834,https://ClinicalTrials.gov/show/NCT03797963,1,10
835,https://ClinicalTrials.gov/show/NCT03684122,1,10
836,https://ClinicalTrials.gov/show/NCT02963727,1,10
837,https://ClinicalTrials.gov/show/NCT02859025,1,10
838,https://ClinicalTrials.gov/show/NCT02338271,1,10
839,https://ClinicalTrials.gov/show/NCT00395200,1,10
840,https://ClinicalTrials.gov/show/NCT01872624,1,10
841,https://ClinicalTrials.gov/show/NCT02277145,1,10
842,https://ClinicalTrials.gov/show/NCT05152160,1,10
843,https://ClinicalTrials.gov/show/NCT03308565,1,10
844,https://ClinicalTrials.gov/show/NCT00823316,1,10
845,https://ClinicalTrials.gov/show/NCT02327832,1,10
846,https://ClinicalTrials.gov/show/NCT04791878,1,10
847,https://ClinicalTrials.gov/show/NCT01389661,1,11
848,https://ClinicalTrials.gov/show/NCT03509025,1,11
849,https://ClinicalTrials.gov/show/NCT04034316,1,11
850,https://ClinicalTrials.gov/show/NCT03252340,1,11
851,https://ClinicalTrials.gov/show/NCT03562065,1,10
852,https://ClinicalTrials.gov/show/NCT05523011,1,10
853,https://ClinicalTrials.gov/show/NCT03217032,1,10
854,https://ClinicalTrials.gov/show/NCT01162915,1,10
855,https://ClinicalTrials.gov/show/NCT03356821,1,10
856,https://ClinicalTrials.gov/show/NCT01318330,1,10
857,https://ClinicalTrials.gov/show/NCT05130983,1,10
858,https://ClinicalTrials.gov/show/NCT03563495,1,10
859,https://ClinicalTrials.gov/show/NCT03351868,1,10
860,https://ClinicalTrials.gov/show/NCT01913886,1,10
861,https://ClinicalTrials.gov/show/NCT04056819,1,10
862,https://ClinicalTrials.gov/show/NCT01306513,1,10
863,https://ClinicalTrials.gov/show/NCT01742260,1,10
864,https://ClinicalTrials.gov/show/NCT05286255,1,10
865,https://ClinicalTrials.gov/show/NCT01687777,1,10
866,https://ClinicalTrials.gov/show/NCT04416139,1,10
867,https://ClinicalTrials.gov/show/NCT02112500,1,10
868,https://ClinicalTrials.gov/show/NCT04410731,1,10
869,https://ClinicalTrials.gov/show/NCT01804153,1,10
870,https://ClinicalTrials.gov/show/NCT05308836,1,10
871,https://ClinicalTrials.gov/show/NCT03055078,1,10
872,https://ClinicalTrials.gov/show/NCT02165904,1,10
873,https://ClinicalTrials.gov/show/NCT05176366,1,10
874,https://ClinicalTrials.gov/show/NCT02484560,1,10
875,https://ClinicalTrials.gov/show/NCT03386708,1,10
876,https://ClinicalTrials.gov/show/NCT02749448,1,10
877,https://ClinicalTrials.gov/show/NCT02801890,1,10
878,https://ClinicalTrials.gov/show/NCT01175655,1,10
879,https://ClinicalTrials.gov/show/NCT04446884,1,10
880,https://ClinicalTrials.gov/show/NCT04234412,1,10
881,https://ClinicalTrials.gov/show/NCT02387749,1,10
882,https://ClinicalTrials.gov/show/NCT02824653,1,10
883,https://ClinicalTrials.gov/show/NCT02574572,1,10
884,https://ClinicalTrials.gov/show/NCT01076920,1,10
885,https://ClinicalTrials.gov/show/NCT03181087,1,10
886,https://ClinicalTrials.gov/show/NCT01962233,1,10
887,https://ClinicalTrials.gov/show/NCT01548092,1,10
888,https://ClinicalTrials.gov/show/NCT03961243,1,10
889,https://ClinicalTrials.gov/show/NCT04657315,1,10
890,https://ClinicalTrials.gov/show/NCT02731586,1,10
891,https://ClinicalTrials.gov/show/NCT01764100,1,10
892,https://ClinicalTrials.gov/show/NCT05078385,1,10
893,https://ClinicalTrials.gov/show/NCT01874015,1,10
894,https://ClinicalTrials.gov/show/NCT02064062,1,10
895,https://ClinicalTrials.gov/show/NCT01946048,1,10
896,https://ClinicalTrials.gov/show/NCT02893306,1,10
897,https://ClinicalTrials.gov/show/NCT01739504,1,10
898,https://ClinicalTrials.gov/show/NCT05060107,1,10
899,https://ClinicalTrials.gov/show/NCT04062136,1,10
900,https://ClinicalTrials.gov/show/NCT04064879,1,10
901,https://ClinicalTrials.gov/show/NCT04432467,1,10
902,https://ClinicalTrials.gov/show/NCT04397471,1,10
903,https://ClinicalTrials.gov/show/NCT04835883,1,10
904,https://ClinicalTrials.gov/show/NCT03827096,1,10
905,https://ClinicalTrials.gov/show/NCT02961725,1,10
906,https://ClinicalTrials.gov/show/NCT04716803,1,10
907,https://ClinicalTrials.gov/show/NCT04426643,1,10
908,https://ClinicalTrials.gov/show/NCT00294112,1,10
909,https://ClinicalTrials.gov/show/NCT02824393,1,10
910,https://ClinicalTrials.gov/show/NCT05490173,1,10
911,https://ClinicalTrials.gov/show/NCT01385644,1,8
912,https://ClinicalTrials.gov/show/NCT03956719,1,8
913,https://ClinicalTrials.gov/show/NCT02023788,1,8
914,https://ClinicalTrials.gov/show/NCT02807389,1,2
915,https://ClinicalTrials.gov/show/NCT02414295,1,1
916,https://ClinicalTrials.gov/show/NCT03461458,1,1
917,https://ClinicalTrials.gov/show/NCT04482699,1,1
918,https://ClinicalTrials.gov/show/NCT01142856,1,1
919,https://ClinicalTrials.gov/show/NCT00515307,1,1
920,https://ClinicalTrials.gov/show/NCT02403947,1,1
921,https://ClinicalTrials.gov/show/NCT03028428,1,1
922,https://ClinicalTrials.gov/show/NCT02379442,1,1
923,https://ClinicalTrials.gov/show/NCT01759212,1,1
924,https://ClinicalTrials.gov/show/NCT03979898,1,1
925,https://ClinicalTrials.gov/show/NCT05240430,1,1
926,https://ClinicalTrials.gov/show/NCT01649700,1,1
927,https://ClinicalTrials.gov/show/NCT02016508,1,1
928,https://ClinicalTrials.gov/show/NCT02150551,1,1
929,https://ClinicalTrials.gov/show/NCT02235844,1,1
930,https://ClinicalTrials.gov/show/NCT02675556,1,1
931,https://ClinicalTrials.gov/show/NCT04366271,1,0
932,https://ClinicalTrials.gov/show/NCT02410239,1,0
933,https://ClinicalTrials.gov/show/NCT04228666,1,0
934,https://ClinicalTrials.gov/show/NCT03115749,1,2
935,https://ClinicalTrials.gov/show/NCT02326935,1,2
936,https://ClinicalTrials.gov/show/NCT03183726,1,4
937,https://ClinicalTrials.gov/show/NCT03509870,1,2
938,https://ClinicalTrials.gov/show/NCT02210624,1,4
939,https://ClinicalTrials.gov/show/NCT03585855,1,4
940,https://ClinicalTrials.gov/show/NCT01668576,1,4
941,https://ClinicalTrials.gov/show/NCT04340609,1,4
942,https://ClinicalTrials.gov/show/NCT02544802,1,4
943,https://ClinicalTrials.gov/show/NCT04610359,1,3
944,https://ClinicalTrials.gov/show/NCT02987413,1,3
945,https://ClinicalTrials.gov/show/NCT01323894,1,3
946,https://ClinicalTrials.gov/show/NCT01700920,1,3
947,https://ClinicalTrials.gov/show/NCT03857841,1,3
948,https://ClinicalTrials.gov/show/NCT01624701,1,3
949,https://ClinicalTrials.gov/show/NCT02384018,1,3
950,https://ClinicalTrials.gov/show/NCT01463475,1,3
951,https://ClinicalTrials.gov/show/NCT03137199,1,3
952,https://ClinicalTrials.gov/show/NCT01454336,1,3
953,https://ClinicalTrials.gov/show/NCT04713436,1,3
954,https://ClinicalTrials.gov/show/NCT02580019,1,2
955,https://ClinicalTrials.gov/show/NCT02330978,1,2
956,https://ClinicalTrials.gov/show/NCT02172885,1,2
957,https://ClinicalTrials.gov/show/NCT03648463,1,0
958,https://ClinicalTrials.gov/show/NCT04909879,1,0
959,https://ClinicalTrials.gov/show/NCT00810212,1,0
960,https://ClinicalTrials.gov/show/NCT02055625,1,0
961,https://ClinicalTrials.gov/show/NCT04850469,1,0
962,https://ClinicalTrials.gov/show/NCT02503280,1,0
963,https://ClinicalTrials.gov/show/NCT03056742,1,0
964,https://ClinicalTrials.gov/show/NCT03014219,1,0
965,https://ClinicalTrials.gov/show/NCT01849159,1,0
966,https://ClinicalTrials.gov/show/NCT01643681,1,0
967,https://ClinicalTrials.gov/show/NCT03164083,1,0
968,https://ClinicalTrials.gov/show/NCT01759784,1,0
969,https://ClinicalTrials.gov/show/NCT02237846,1,0
970,https://ClinicalTrials.gov/show/NCT04728698,1,0
971,https://ClinicalTrials.gov/show/NCT04909892,1,0
972,https://ClinicalTrials.gov/show/NCT04293692,1,0
973,https://ClinicalTrials.gov/show/NCT01429012,1,0
974,https://ClinicalTrials.gov/show/NCT01922908,1,0
975,https://ClinicalTrials.gov/show/NCT02579148,1,0
976,https://ClinicalTrials.gov/show/NCT04005989,1,0
977,https://ClinicalTrials.gov/show/NCT01275612,1,0
978,https://ClinicalTrials.gov/show/NCT00908856,1,0
979,https://ClinicalTrials.gov/show/NCT02477540,1,0
980,https://ClinicalTrials.gov/show/NCT02440074,1,0
981,https://ClinicalTrials.gov/show/NCT02460770,1,0
982,https://ClinicalTrials.gov/show/NCT04549285,1,0
983,https://ClinicalTrials.gov/show/NCT02677350,1,0
984,https://ClinicalTrials.gov/show/NCT05158439,1,0
985,https://ClinicalTrials.gov/show/NCT03298399,1,0
986,https://ClinicalTrials.gov/show/NCT00609661,1,0
987,https://ClinicalTrials.gov/show/NCT03602872,1,0
988,https://ClinicalTrials.gov/show/NCT03058068,1,0
989,https://ClinicalTrials.gov/show/NCT02237547,1,0
990,https://ClinicalTrials.gov/show/NCT00081055,1,0
991,https://ClinicalTrials.gov/show/NCT01849887,1,0
992,https://ClinicalTrials.gov/show/NCT02003131,1,0
993,https://ClinicalTrials.gov/show/NCT02630836,1,0
994,https://ClinicalTrials.gov/show/NCT04073472,1,0
995,https://ClinicalTrials.gov/show/NCT01091701,1,0
996,https://ClinicalTrials.gov/show/NCT00851162,1,0
997,https://ClinicalTrials.gov/show/NCT02116634,1,0
998,https://ClinicalTrials.gov/show/NCT03692221,1,0
999,https://ClinicalTrials.gov/show/NCT03487731,1,0
1000,https://ClinicalTrials.gov/show/NCT04490486,1,0
1001,https://ClinicalTrials.gov/show/NCT02107118,1,0
1002,https://ClinicalTrials.gov/show/NCT01062750,1,4
1003,https://ClinicalTrials.gov/show/NCT05011474,1,4
1004,https://ClinicalTrials.gov/show/NCT01274975,1,8
1005,https://ClinicalTrials.gov/show/NCT02625246,1,6
1006,https://ClinicalTrials.gov/show/NCT02012153,1,6
1007,https://ClinicalTrials.gov/show/NCT01840540,1,6
1008,https://ClinicalTrials.gov/show/NCT01759797,1,6
1009,https://ClinicalTrials.gov/show/NCT01206179,1,6
1010,https://ClinicalTrials.gov/show/NCT02375568,1,6
1011,https://ClinicalTrials.gov/show/NCT03106662,1,6
1012,https://ClinicalTrials.gov/show/NCT04893174,1,6
1013,https://ClinicalTrials.gov/show/NCT01795950,1,6
1014,https://ClinicalTrials.gov/show/NCT02728115,1,6
1015,https://ClinicalTrials.gov/show/NCT03676569,1,6
1016,https://ClinicalTrials.gov/show/NCT03410355,1,6
1017,https://ClinicalTrials.gov/show/NCT03171194,1,6
1018,https://ClinicalTrials.gov/show/NCT00549913,1,6
1019,https://ClinicalTrials.gov/show/NCT00850187,1,6
1020,https://ClinicalTrials.gov/show/NCT01207661,1,6
1021,https://ClinicalTrials.gov/show/NCT01207193,1,6
1022,https://ClinicalTrials.gov/show/NCT03635450,1,6
1023,https://ClinicalTrials.gov/show/NCT01436058,1,6
1024,https://ClinicalTrials.gov/show/NCT05157958,1,6
1025,https://ClinicalTrials.gov/show/NCT02166489,1,6
1026,https://ClinicalTrials.gov/show/NCT03678467,1,6
1027,https://ClinicalTrials.gov/show/NCT02945462,1,4
1028,https://ClinicalTrials.gov/show/NCT05494723,1,6
1029,https://ClinicalTrials.gov/show/NCT02408432,1,7
1030,https://ClinicalTrials.gov/show/NCT05039411,1,7
1031,https://ClinicalTrials.gov/show/NCT02957552,1,7
1032,https://ClinicalTrials.gov/show/NCT01983709,1,7
1033,https://ClinicalTrials.gov/show/NCT03209700,1,7
1034,https://ClinicalTrials.gov/show/NCT03265613,1,7
1035,https://ClinicalTrials.gov/show/NCT03967275,1,7
1036,https://ClinicalTrials.gov/show/NCT02195323,1,7
1037,https://ClinicalTrials.gov/show/NCT01649687,1,7
1038,https://ClinicalTrials.gov/show/NCT03174587,1,7
1039,https://ClinicalTrials.gov/show/NCT02975960,1,7
1040,https://ClinicalTrials.gov/show/NCT04447833,1,7
1041,https://ClinicalTrials.gov/show/NCT03778333,1,7
1042,https://ClinicalTrials.gov/show/NCT04592640,1,7
1043,https://ClinicalTrials.gov/show/NCT03878628,1,7
1044,https://ClinicalTrials.gov/show/NCT04184258,1,7
1045,https://ClinicalTrials.gov/show/NCT01623453,1,6
1046,https://ClinicalTrials.gov/show/NCT02181478,1,6
1047,https://ClinicalTrials.gov/show/NCT04914403,1,6
1048,https://ClinicalTrials.gov/show/NCT03504241,1,6
1049,https://ClinicalTrials.gov/show/NCT04522986,1,6
1050,https://ClinicalTrials.gov/show/NCT01499056,1,6
1051,https://ClinicalTrials.gov/show/NCT01709279,1,6
1052,https://ClinicalTrials.gov/show/NCT02394886,1,5
1053,https://ClinicalTrials.gov/show/NCT02900014,1,5
1054,https://ClinicalTrials.gov/show/NCT01751282,1,5
1055,https://ClinicalTrials.gov/show/NCT03860155,1,5
1056,https://ClinicalTrials.gov/show/NCT03183622,1,5
1057,https://ClinicalTrials.gov/show/NCT03449069,1,5
1058,https://ClinicalTrials.gov/show/NCT03384433,1,5
1059,https://ClinicalTrials.gov/show/NCT02530047,1,5
1060,https://ClinicalTrials.gov/show/NCT02152657,1,5
1061,https://ClinicalTrials.gov/show/NCT03183934,1,5
1062,https://ClinicalTrials.gov/show/NCT02382874,1,5
1063,https://ClinicalTrials.gov/show/NCT03745417,1,5
1064,https://ClinicalTrials.gov/show/NCT04243681,1,5
1065,https://ClinicalTrials.gov/show/NCT01932164,1,5
1066,https://ClinicalTrials.gov/show/NCT02398604,1,5
1067,https://ClinicalTrials.gov/show/NCT02949414,1,4
1068,https://ClinicalTrials.gov/show/NCT03066245,1,4
1069,https://ClinicalTrials.gov/show/NCT03925324,1,4
1070,https://ClinicalTrials.gov/show/NCT00752479,1,4
1071,https://ClinicalTrials.gov/show/NCT03220243,1,5
1072,https://ClinicalTrials.gov/show/NCT01309061,1,5
1073,https://ClinicalTrials.gov/show/NCT04435249,1,5
1074,https://ClinicalTrials.gov/show/NCT02705742,1,5
1075,https://ClinicalTrials.gov/show/NCT00957931,1,6
1076,https://ClinicalTrials.gov/show/NCT00913289,1,6
1077,https://ClinicalTrials.gov/show/NCT01210950,1,6
1078,https://ClinicalTrials.gov/show/NCT04040348,1,6
1079,https://ClinicalTrials.gov/show/NCT04501354,1,5
1080,https://ClinicalTrials.gov/show/NCT02394873,1,5
1081,https://ClinicalTrials.gov/show/NCT02579369,1,5
1082,https://ClinicalTrials.gov/show/NCT03651791,1,5
1083,https://ClinicalTrials.gov/show/NCT01061099,1,5
1084,https://ClinicalTrials.gov/show/NCT04545307,1,5
1085,https://ClinicalTrials.gov/show/NCT04313322,1,5
1086,https://ClinicalTrials.gov/show/NCT01460901,1,5
1087,https://ClinicalTrials.gov/show/NCT00976430,1,5
1088,https://ClinicalTrials.gov/show/NCT01725698,1,5
1089,https://ClinicalTrials.gov/show/NCT04520022,1,5
1090,https://ClinicalTrials.gov/show/NCT02290041,1,5
1091,https://ClinicalTrials.gov/show/NCT03173638,1,5
1092,https://ClinicalTrials.gov/show/NCT02395029,1,5
1093,https://ClinicalTrials.gov/show/NCT01522716,1,11
1094,https://ClinicalTrials.gov/show/NCT02359929,1,11
1095,https://ClinicalTrials.gov/show/NCT01753440,1,11
1096,https://ClinicalTrials.gov/show/NCT03186417,1,20
1097,https://ClinicalTrials.gov/show/NCT02669199,1,20
1098,https://ClinicalTrials.gov/show/NCT02287974,1,20
1099,https://ClinicalTrials.gov/show/NCT04314661,1,20
1100,https://ClinicalTrials.gov/show/NCT02291926,1,20
1101,https://ClinicalTrials.gov/show/NCT03299413,1,20
1102,https://ClinicalTrials.gov/show/NCT04326985,1,20
1103,https://ClinicalTrials.gov/show/NCT03103295,1,20
1104,https://ClinicalTrials.gov/show/NCT05215288,1,20
1105,https://ClinicalTrials.gov/show/NCT05152394,1,20
1106,https://ClinicalTrials.gov/show/NCT04746599,1,20
1107,https://ClinicalTrials.gov/show/NCT04615429,1,20
1108,https://ClinicalTrials.gov/show/NCT05158127,1,20
1109,https://ClinicalTrials.gov/show/NCT05075811,1,20
1110,https://ClinicalTrials.gov/show/NCT05092724,1,20
1111,https://ClinicalTrials.gov/show/NCT05270850,1,20
1112,https://ClinicalTrials.gov/show/NCT05521672,1,20
1113,https://ClinicalTrials.gov/show/NCT04525378,1,20
1114,https://ClinicalTrials.gov/show/NCT04352803,1,20
1115,https://ClinicalTrials.gov/show/NCT02652351,1,20
1116,https://ClinicalTrials.gov/show/NCT02033525,1,20
1117,https://ClinicalTrials.gov/show/NCT05016804,1,20
1118,https://ClinicalTrials.gov/show/NCT05113342,1,20
1119,https://ClinicalTrials.gov/show/NCT02034188,1,20
1120,https://ClinicalTrials.gov/show/NCT03626090,1,20
1121,https://ClinicalTrials.gov/show/NCT04234750,1,20
1122,https://ClinicalTrials.gov/show/NCT02213705,1,20
1123,https://ClinicalTrials.gov/show/NCT04744051,1,20
1124,https://ClinicalTrials.gov/show/NCT04998058,1,20
1125,https://ClinicalTrials.gov/show/NCT05147701,1,20
1126,https://ClinicalTrials.gov/show/NCT04611256,1,20
1127,https://ClinicalTrials.gov/show/NCT01933802,1,20
1128,https://ClinicalTrials.gov/show/NCT01489267,1,20
1129,https://ClinicalTrials.gov/show/NCT02776943,1,20
1130,https://ClinicalTrials.gov/show/NCT03799718,1,20
1131,https://ClinicalTrials.gov/show/NCT04252118,1,20
1132,https://ClinicalTrials.gov/show/NCT05003908,1,20
1133,https://ClinicalTrials.gov/show/NCT02745379,1,20
1134,https://ClinicalTrials.gov/show/NCT02304588,1,20
1135,https://ClinicalTrials.gov/show/NCT03288571,1,20
1136,https://ClinicalTrials.gov/show/NCT04078308,1,20
1137,https://ClinicalTrials.gov/show/NCT03516006,1,20
1138,https://ClinicalTrials.gov/show/NCT00659620,1,20
1139,https://ClinicalTrials.gov/show/NCT04445454,1,20
1140,https://ClinicalTrials.gov/show/NCT00749164,1,20
1141,https://ClinicalTrials.gov/show/NCT04661644,1,20
1142,https://ClinicalTrials.gov/show/NCT02192736,1,20
1143,https://ClinicalTrials.gov/show/NCT01877759,1,20
1144,https://ClinicalTrials.gov/show/NCT02804945,1,20
1145,https://ClinicalTrials.gov/show/NCT02755922,1,20
1146,https://ClinicalTrials.gov/show/NCT01068951,1,20
1147,https://ClinicalTrials.gov/show/NCT01902082,1,20
1148,https://ClinicalTrials.gov/show/NCT03629015,1,20
1149,https://ClinicalTrials.gov/show/NCT05018845,1,20
1150,https://ClinicalTrials.gov/show/NCT01468064,1,20
1151,https://ClinicalTrials.gov/show/NCT05158933,1,20
1152,https://ClinicalTrials.gov/show/NCT02594839,1,20
1153,https://ClinicalTrials.gov/show/NCT04312113,1,20
1154,https://ClinicalTrials.gov/show/NCT05507762,1,20
1155,https://ClinicalTrials.gov/show/NCT01092026,1,20
1156,https://ClinicalTrials.gov/show/NCT04437823,1,20
1157,https://ClinicalTrials.gov/show/NCT04493918,1,20
1158,https://ClinicalTrials.gov/show/NCT00962923,1,20
1159,https://ClinicalTrials.gov/show/NCT05018832,1,20
1160,https://ClinicalTrials.gov/show/NCT05387278,1,20
1161,https://ClinicalTrials.gov/show/NCT05520112,1,20
1162,https://ClinicalTrials.gov/show/NCT01213953,1,20
1163,https://ClinicalTrials.gov/show/NCT02685722,1,20
1164,https://ClinicalTrials.gov/show/NCT01342250,1,20
1165,https://ClinicalTrials.gov/show/NCT02645305,1,20
1166,https://ClinicalTrials.gov/show/NCT03454737,1,20
1167,https://ClinicalTrials.gov/show/NCT03826433,1,20
1168,https://ClinicalTrials.gov/show/NCT05152290,1,20
1169,https://ClinicalTrials.gov/show/NCT05362786,1,20
1170,https://ClinicalTrials.gov/show/NCT00883727,1,20
1171,https://ClinicalTrials.gov/show/NCT01663376,1,20
1172,https://ClinicalTrials.gov/show/NCT04414592,1,20
1173,https://ClinicalTrials.gov/show/NCT02108132,1,20
1174,https://ClinicalTrials.gov/show/NCT01446614,1,20
1175,https://ClinicalTrials.gov/show/NCT00698191,1,20
1176,https://ClinicalTrials.gov/show/NCT02218437,1,20
1177,https://ClinicalTrials.gov/show/NCT05305833,1,20
1178,https://ClinicalTrials.gov/show/NCT05520125,1,20
1179,https://ClinicalTrials.gov/show/NCT03774537,1,20
1180,https://ClinicalTrials.gov/show/NCT04336254,1,20
1181,https://ClinicalTrials.gov/show/NCT05120726,1,20
1182,https://ClinicalTrials.gov/show/NCT01440309,1,20
1183,https://ClinicalTrials.gov/show/NCT05147766,1,20
1184,https://ClinicalTrials.gov/show/NCT04346368,1,20
1185,https://ClinicalTrials.gov/show/NCT01854957,1,20
1186,https://ClinicalTrials.gov/show/NCT02444455,1,20
1187,https://ClinicalTrials.gov/show/NCT01605383,1,23
1188,https://ClinicalTrials.gov/show/NCT04614025,1,23
1189,https://ClinicalTrials.gov/show/NCT02565459,1,22
1190,https://ClinicalTrials.gov/show/NCT04723303,1,22
1191,https://ClinicalTrials.gov/show/NCT01377870,1,22
1192,https://ClinicalTrials.gov/show/NCT02890953,1,22
1193,https://ClinicalTrials.gov/show/NCT01719640,1,22
1194,https://ClinicalTrials.gov/show/NCT02619851,1,22
1195,https://ClinicalTrials.gov/show/NCT02641860,1,22
1196,https://ClinicalTrials.gov/show/NCT04445220,1,22
1197,https://ClinicalTrials.gov/show/NCT03117738,1,21
1198,https://ClinicalTrials.gov/show/NCT01606215,1,21
1199,https://ClinicalTrials.gov/show/NCT04961658,1,21
1200,https://ClinicalTrials.gov/show/NCT04821102,1,21
1201,https://ClinicalTrials.gov/show/NCT01144962,1,21
1202,https://ClinicalTrials.gov/show/NCT01090817,1,21
1203,https://ClinicalTrials.gov/show/NCT04713878,1,21
1204,https://ClinicalTrials.gov/show/NCT00821470,1,21
1205,https://ClinicalTrials.gov/show/NCT03472742,1,21
1206,https://ClinicalTrials.gov/show/NCT02208713,1,21
1207,https://ClinicalTrials.gov/show/NCT03267784,1,23
1208,https://ClinicalTrials.gov/show/NCT02644447,1,23
1209,https://ClinicalTrials.gov/show/NCT02283879,1,20
1210,https://ClinicalTrials.gov/show/NCT02467387,1,23
1211,https://ClinicalTrials.gov/show/NCT02000362,1,24
1212,https://ClinicalTrials.gov/show/NCT04537351,1,24
1213,https://ClinicalTrials.gov/show/NCT03912480,1,24
1214,https://ClinicalTrials.gov/show/NCT04355728,1,24
1215,https://ClinicalTrials.gov/show/NCT04823000,1,24
1216,https://ClinicalTrials.gov/show/NCT05116540,1,24
1217,https://ClinicalTrials.gov/show/NCT02658344,1,24
1218,https://ClinicalTrials.gov/show/NCT04302519,1,24
1219,https://ClinicalTrials.gov/show/NCT01985633,1,24
1220,https://ClinicalTrials.gov/show/NCT05442437,1,24
1221,https://ClinicalTrials.gov/show/NCT03810521,1,24
1222,https://ClinicalTrials.gov/show/NCT04361942,1,24
1223,https://ClinicalTrials.gov/show/NCT03406585,1,24
1224,https://ClinicalTrials.gov/show/NCT02926300,1,24
1225,https://ClinicalTrials.gov/show/NCT04543994,1,24
1226,https://ClinicalTrials.gov/show/NCT01142050,1,24
1227,https://ClinicalTrials.gov/show/NCT04654286,1,24
1228,https://ClinicalTrials.gov/show/NCT04313647,1,24
1229,https://ClinicalTrials.gov/show/NCT03608579,1,24
1230,https://ClinicalTrials.gov/show/NCT02384499,1,21
1231,https://ClinicalTrials.gov/show/NCT04821479,1,20
1232,https://ClinicalTrials.gov/show/NCT05520086,1,20
1233,https://ClinicalTrials.gov/show/NCT05018767,1,20
1234,https://ClinicalTrials.gov/show/NCT02611167,1,20
1235,https://ClinicalTrials.gov/show/NCT02742857,1,20
1236,https://ClinicalTrials.gov/show/NCT00659217,1,20
1237,https://ClinicalTrials.gov/show/NCT03389919,1,20
1238,https://ClinicalTrials.gov/show/NCT03067831,1,20
1239,https://ClinicalTrials.gov/show/NCT05152381,1,20
1240,https://ClinicalTrials.gov/show/NCT00953485,1,20
1241,https://ClinicalTrials.gov/show/NCT02745366,1,20
1242,https://ClinicalTrials.gov/show/NCT05535803,1,20
1243,https://ClinicalTrials.gov/show/NCT05152368,1,20
1244,https://ClinicalTrials.gov/show/NCT05003934,1,20
1245,https://ClinicalTrials.gov/show/NCT01360164,1,20
1246,https://ClinicalTrials.gov/show/NCT01844661,1,20
1247,https://ClinicalTrials.gov/show/NCT02138331,1,20
1248,https://ClinicalTrials.gov/show/NCT01446640,1,20
1249,https://ClinicalTrials.gov/show/NCT02260375,1,20
1250,https://ClinicalTrials.gov/show/NCT05147675,1,20
1251,https://ClinicalTrials.gov/show/NCT01364246,1,20
1252,https://ClinicalTrials.gov/show/NCT03592849,1,20
1253,https://ClinicalTrials.gov/show/NCT00883870,1,20
1254,https://ClinicalTrials.gov/show/NCT01443689,1,20
1255,https://ClinicalTrials.gov/show/NCT04288934,1,20
1256,https://ClinicalTrials.gov/show/NCT04444271,1,20
1257,https://ClinicalTrials.gov/show/NCT05331872,1,20
1258,https://ClinicalTrials.gov/show/NCT01676441,1,20
1259,https://ClinicalTrials.gov/show/NCT05016817,1,20
1260,https://ClinicalTrials.gov/show/NCT02696876,1,20
1261,https://ClinicalTrials.gov/show/NCT05158114,1,20
1262,https://ClinicalTrials.gov/show/NCT03211793,1,20
1263,https://ClinicalTrials.gov/show/NCT04651855,1,20
1264,https://ClinicalTrials.gov/show/NCT05003921,1,20
1265,https://ClinicalTrials.gov/show/NCT03638154,1,20
1266,https://ClinicalTrials.gov/show/NCT03070275,1,20
1267,https://ClinicalTrials.gov/show/NCT04888949,1,20
1268,https://ClinicalTrials.gov/show/NCT01915927,1,20
1269,https://ClinicalTrials.gov/show/NCT05147688,1,20
1270,https://ClinicalTrials.gov/show/NCT02940418,1,20
1271,https://ClinicalTrials.gov/show/NCT05147779,1,20
1272,https://ClinicalTrials.gov/show/NCT03113747,1,20
1273,https://ClinicalTrials.gov/show/NCT02192749,1,20
1274,https://ClinicalTrials.gov/show/NCT03489564,1,20
1275,https://ClinicalTrials.gov/show/NCT01985464,1,20
1276,https://ClinicalTrials.gov/show/NCT03550183,1,20
1277,https://ClinicalTrials.gov/show/NCT04340284,1,11
1278,https://ClinicalTrials.gov/show/NCT02981576,1,14
1279,https://ClinicalTrials.gov/show/NCT01531348,1,14
1280,https://ClinicalTrials.gov/show/NCT01325103,1,14
1281,https://ClinicalTrials.gov/show/NCT03357575,1,14
1282,https://ClinicalTrials.gov/show/NCT03059355,1,14
1283,https://ClinicalTrials.gov/show/NCT04825730,1,14
1284,https://ClinicalTrials.gov/show/NCT04399889,1,14
1285,https://ClinicalTrials.gov/show/NCT01696591,1,14
1286,https://ClinicalTrials.gov/show/NCT02472002,1,14
1287,https://ClinicalTrials.gov/show/NCT02866721,1,14
1288,https://ClinicalTrials.gov/show/NCT01777646,1,14
1289,https://ClinicalTrials.gov/show/NCT01895439,1,13
1290,https://ClinicalTrials.gov/show/NCT02751125,1,13
1291,https://ClinicalTrials.gov/show/NCT01540292,1,13
1292,https://ClinicalTrials.gov/show/NCT03361631,1,13
1293,https://ClinicalTrials.gov/show/NCT02118519,1,13
1294,https://ClinicalTrials.gov/show/NCT02888704,1,13
1295,https://ClinicalTrials.gov/show/NCT01733186,1,12
1296,https://ClinicalTrials.gov/show/NCT04007081,1,12
1297,https://ClinicalTrials.gov/show/NCT00951210,1,12
1298,https://ClinicalTrials.gov/show/NCT04434768,1,14
1299,https://ClinicalTrials.gov/show/NCT05322057,1,14
1300,https://ClinicalTrials.gov/show/NCT05279157,1,15
1301,https://ClinicalTrials.gov/show/NCT05018793,1,15
1302,https://ClinicalTrials.gov/show/NCT05158101,1,15
1303,https://ClinicalTrials.gov/show/NCT04385056,1,15
1304,https://ClinicalTrials.gov/show/NCT01314092,1,15
1305,https://ClinicalTrials.gov/show/NCT02104440,1,15
1306,https://ClinicalTrials.gov/show/NCT03973827,1,15
1307,https://ClinicalTrials.gov/show/NCT04501341,1,15
1308,https://ClinicalTrials.gov/show/NCT04047810,1,15
1309,https://ClinicalTrials.gov/show/NCT05018858,1,15
1310,https://ClinicalTrials.gov/show/NCT03484741,1,15
1311,https://ClinicalTrials.gov/show/NCT01643655,1,15
1312,https://ClinicalTrials.gov/show/NCT01956903,1,15
1313,https://ClinicalTrials.gov/show/NCT01302015,1,15
1314,https://ClinicalTrials.gov/show/NCT01730547,1,15
1315,https://ClinicalTrials.gov/show/NCT02249676,1,15
1316,https://ClinicalTrials.gov/show/NCT04711200,1,15
1317,https://ClinicalTrials.gov/show/NCT01558908,1,15
1318,https://ClinicalTrials.gov/show/NCT00734396,1,15
1319,https://ClinicalTrials.gov/show/NCT04392206,1,15
1320,https://ClinicalTrials.gov/show/NCT05003960,1,15
1321,https://ClinicalTrials.gov/show/NCT05333406,1,12
1322,https://ClinicalTrials.gov/show/NCT05333029,1,12
1323,https://ClinicalTrials.gov/show/NCT03747822,1,12
1324,https://ClinicalTrials.gov/show/NCT04037345,1,12
1325,https://ClinicalTrials.gov/show/NCT04294290,1,12
1326,https://ClinicalTrials.gov/show/NCT04758533,1,12
1327,https://ClinicalTrials.gov/show/NCT05338099,1,12
1328,https://ClinicalTrials.gov/show/NCT02381366,1,12
1329,https://ClinicalTrials.gov/show/NCT05456243,1,12
1330,https://ClinicalTrials.gov/show/NCT01856140,1,12
1331,https://ClinicalTrials.gov/show/NCT04972890,1,12
1332,https://ClinicalTrials.gov/show/NCT05559801,1,12
1333,https://ClinicalTrials.gov/show/NCT04357600,1,12
1334,https://ClinicalTrials.gov/show/NCT03187431,1,12
1335,https://ClinicalTrials.gov/show/NCT01741090,1,12
1336,https://ClinicalTrials.gov/show/NCT03798353,1,12
1337,https://ClinicalTrials.gov/show/NCT03455335,1,12
1338,https://ClinicalTrials.gov/show/NCT03558334,1,12
1339,https://ClinicalTrials.gov/show/NCT01183728,1,12
1340,https://ClinicalTrials.gov/show/NCT02209311,1,12
1341,https://ClinicalTrials.gov/show/NCT02814864,1,12
1342,https://ClinicalTrials.gov/show/NCT02351011,1,12
1343,https://ClinicalTrials.gov/show/NCT00284986,1,11
1344,https://ClinicalTrials.gov/show/NCT04339504,1,12
1345,https://ClinicalTrials.gov/show/NCT01051882,1,12
1346,https://ClinicalTrials.gov/show/NCT03816852,1,12
1347,https://ClinicalTrials.gov/show/NCT03007576,1,12
1348,https://ClinicalTrials.gov/show/NCT01686139,1,12
1349,https://ClinicalTrials.gov/show/NCT03765957,1,12
1350,https://ClinicalTrials.gov/show/NCT03164122,1,12
1351,https://ClinicalTrials.gov/show/NCT02947191,1,12
1352,https://ClinicalTrials.gov/show/NCT02932852,1,12
1353,https://ClinicalTrials.gov/show/NCT02079324,1,12
1354,https://ClinicalTrials.gov/show/NCT05315661,1,12
1355,https://ClinicalTrials.gov/show/NCT03099239,1,12
1356,https://ClinicalTrials.gov/show/NCT02483364,1,12
1357,https://ClinicalTrials.gov/show/NCT01909154,1,12
1358,https://ClinicalTrials.gov/show/NCT04489732,1,12
1359,https://ClinicalTrials.gov/show/NCT04484077,1,12
1360,https://ClinicalTrials.gov/show/NCT05443464,1,12
1361,https://ClinicalTrials.gov/show/NCT01758055,1,12
1362,https://ClinicalTrials.gov/show/NCT05549609,1,12
1363,https://ClinicalTrials.gov/show/NCT05035862,1,12
1364,https://ClinicalTrials.gov/show/NCT04706312,1,12
1365,https://ClinicalTrials.gov/show/NCT03130374,1,12
1366,https://ClinicalTrials.gov/show/NCT00813267,1,15
1367,https://ClinicalTrials.gov/show/NCT04125329,1,15
1368,https://ClinicalTrials.gov/show/NCT04939077,1,20
1369,https://ClinicalTrials.gov/show/NCT03589287,1,18
1370,https://ClinicalTrials.gov/show/NCT04877067,1,18
1371,https://ClinicalTrials.gov/show/NCT04356287,1,18
1372,https://ClinicalTrials.gov/show/NCT01585857,1,18
1373,https://ClinicalTrials.gov/show/NCT05348772,1,18
1374,https://ClinicalTrials.gov/show/NCT01300598,1,18
1375,https://ClinicalTrials.gov/show/NCT03839238,1,18
1376,https://ClinicalTrials.gov/show/NCT05151133,1,18
1377,https://ClinicalTrials.gov/show/NCT05204329,1,18
1378,https://ClinicalTrials.gov/show/NCT03747913,1,18
1379,https://ClinicalTrials.gov/show/NCT01958502,1,18
1380,https://ClinicalTrials.gov/show/NCT01919827,1,17
1381,https://ClinicalTrials.gov/show/NCT02409940,1,17
1382,https://ClinicalTrials.gov/show/NCT05491135,1,17
1383,https://ClinicalTrials.gov/show/NCT04494386,1,17
1384,https://ClinicalTrials.gov/show/NCT03766139,1,17
1385,https://ClinicalTrials.gov/show/NCT03477942,1,16
1386,https://ClinicalTrials.gov/show/NCT02325843,1,16
1387,https://ClinicalTrials.gov/show/NCT02685098,1,16
1388,https://ClinicalTrials.gov/show/NCT02292628,1,16
1389,https://ClinicalTrials.gov/show/NCT02474342,1,18
1390,https://ClinicalTrials.gov/show/NCT03308006,1,18
1391,https://ClinicalTrials.gov/show/NCT05018871,1,15
1392,https://ClinicalTrials.gov/show/NCT04749667,1,18
1393,https://ClinicalTrials.gov/show/NCT01222039,1,19
1394,https://ClinicalTrials.gov/show/NCT02230514,1,19
1395,https://ClinicalTrials.gov/show/NCT02378974,1,19
1396,https://ClinicalTrials.gov/show/NCT02181712,1,19
1397,https://ClinicalTrials.gov/show/NCT01678534,1,19
1398,https://ClinicalTrials.gov/show/NCT01788059,1,19
1399,https://ClinicalTrials.gov/show/NCT03079401,1,19
1400,https://ClinicalTrials.gov/show/NCT02492516,1,19
1401,https://ClinicalTrials.gov/show/NCT04976140,1,18
1402,https://ClinicalTrials.gov/show/NCT03724617,1,18
1403,https://ClinicalTrials.gov/show/NCT04347967,1,18
1404,https://ClinicalTrials.gov/show/NCT04457037,1,18
1405,https://ClinicalTrials.gov/show/NCT04626583,1,18
1406,https://ClinicalTrials.gov/show/NCT05468502,1,18
1407,https://ClinicalTrials.gov/show/NCT04315025,1,18
1408,https://ClinicalTrials.gov/show/NCT01809769,1,18
1409,https://ClinicalTrials.gov/show/NCT02336646,1,18
1410,https://ClinicalTrials.gov/show/NCT05054803,1,18
1411,https://ClinicalTrials.gov/show/NCT03706482,1,18
1412,https://ClinicalTrials.gov/show/NCT04318600,1,16
1413,https://ClinicalTrials.gov/show/NCT02672306,1,16
1414,https://ClinicalTrials.gov/show/NCT05407766,1,16
1415,https://ClinicalTrials.gov/show/NCT01981330,1,16
1416,https://ClinicalTrials.gov/show/NCT00790413,1,15
1417,https://ClinicalTrials.gov/show/NCT05018819,1,15
1418,https://ClinicalTrials.gov/show/NCT05553132,1,15
1419,https://ClinicalTrials.gov/show/NCT00919958,1,15
1420,https://ClinicalTrials.gov/show/NCT01157650,1,15
1421,https://ClinicalTrials.gov/show/NCT04876326,1,15
1422,https://ClinicalTrials.gov/show/NCT05008588,1,15
1423,https://ClinicalTrials.gov/show/NCT04138017,1,15
1424,https://ClinicalTrials.gov/show/NCT01227694,1,15
1425,https://ClinicalTrials.gov/show/NCT01624779,1,15
1426,https://ClinicalTrials.gov/show/NCT03333681,1,15
1427,https://ClinicalTrials.gov/show/NCT00447460,1,15
1428,https://ClinicalTrials.gov/show/NCT04290182,1,15
1429,https://ClinicalTrials.gov/show/NCT03044119,1,15
1430,https://ClinicalTrials.gov/show/NCT01610440,1,15
1431,https://ClinicalTrials.gov/show/NCT01513694,1,15
1432,https://ClinicalTrials.gov/show/NCT05003388,1,15
1433,https://ClinicalTrials.gov/show/NCT03691909,1,15
1434,https://ClinicalTrials.gov/show/NCT01769872,1,15
1435,https://ClinicalTrials.gov/show/NCT04014166,1,15
1436,https://ClinicalTrials.gov/show/NCT02104713,1,15
1437,https://ClinicalTrials.gov/show/NCT01860495,1,15
1438,https://ClinicalTrials.gov/show/NCT02687646,1,16
1439,https://ClinicalTrials.gov/show/NCT02923375,1,16
1440,https://ClinicalTrials.gov/show/NCT03828344,1,16
1441,https://ClinicalTrials.gov/show/NCT04889963,1,16
1442,https://ClinicalTrials.gov/show/NCT05047276,1,16
1443,https://ClinicalTrials.gov/show/NCT04822922,1,16
1444,https://ClinicalTrials.gov/show/NCT04996966,1,16
1445,https://ClinicalTrials.gov/show/NCT04269525,1,16
1446,https://ClinicalTrials.gov/show/NCT01659762,1,16
1447,https://ClinicalTrials.gov/show/NCT04785027,1,16
1448,https://ClinicalTrials.gov/show/NCT02589119,1,15
1449,https://ClinicalTrials.gov/show/NCT04104451,1,16
1450,https://ClinicalTrials.gov/show/NCT02145923,1,16
1451,https://ClinicalTrials.gov/show/NCT03529877,1,16
1452,https://ClinicalTrials.gov/show/NCT02886884,1,16
1453,https://ClinicalTrials.gov/show/NCT05003947,1,15
1454,https://ClinicalTrials.gov/show/NCT02706132,1,15
1455,https://ClinicalTrials.gov/show/NCT04388761,1,15
1456,https://ClinicalTrials.gov/show/NCT04623606,1,15
1457,NaN,0,0
